CustomerID,Gender,Age,Annual Income (k$),Spending Score (1-100),Purchases_Per_Month,Avg_Order_Value,Website_Visits_Per_Month,Loyalty_Member
1,Female,52.01088166716806,102.55935281791652,33.53479840600994,4,1000.0,16,No
2,Female,25.65549934900323,33.97437857430337,81.18545385103319,7,1000.0,30,Yes
3,Male,59.03461469435345,100.3140001096033,25.243739738750264,2,1000.0,11,No
4,Female,52.853740974120974,57.042858710974144,47.83230190265809,4,1000.0,16,No
5,Male,44.67773608801151,65.22618085407336,54.01141405620865,5,1000.0,20,No
6,Female,58.36383147292847,88.31025172683314,13.923410422168587,3,1000.0,10,No
7,Male,48.72977430791745,82.32617698487665,20.77209705043395,2,1000.0,17,No
8,Female,39.4198476849005,66.0719021827994,39.67020510242024,3,1000.0,17,No
9,Male,30.21969070654641,23.131597653337153,70.0941531908132,6,1000.0,19,Yes
10,Female,42.22744070644249,39.70768051441453,24.679318901015975,2,1000.0,8,No
11,Male,26.117742046615213,28.712757835903858,79.27937093455834,5,1000.0,24,Yes
12,Male,38.964719680594236,55.4566956296974,53.956799135053714,4,1000.0,19,No
13,Male,59.74813856876027,16.75318675084293,37.88656247514002,3,918.29,17,No
14,Male,26.111841708105896,27.42566052142881,75.61821213632537,6,1000.0,27,Yes
15,Male,58.2620538722125,97.2897853818854,9.261544169107506,2,1000.0,13,No
16,Female,54.17841762002385,106.44371535474684,26.00505261151926,1,1000.0,11,No
17,Male,43.61199491323292,19.947956175679863,22.39221487214809,2,1000.0,9,No
18,Female,37.015940504350425,19.185007359821018,73.25811922810462,6,1000.0,19,Yes
19,Female,54.352251338395575,93.75474752406316,18.598565729882512,2,1000.0,10,No
20,Female,62.17304698600705,22.88044034777214,24.885755618359244,3,1000.0,12,No
21,Male,49.41335209261957,23.171579889547026,13.474778089545467,1,1000.0,12,No
22,Male,49.88522357976777,38.881999455273444,28.2366631609402,3,1000.0,11,No
23,Female,30.450362934908306,90.8273043580048,83.19107584927795,10,1000.0,25,Yes
24,Female,59.10089392084602,89.94557726208137,10.502501609070064,1,1000.0,11,No
25,Male,18.0,30.553063099708396,88.48553970544242,7,1000.0,26,Yes
26,Male,49.66239676135358,26.095787288376144,28.667530372495833,4,1000.0,10,No
27,Male,49.30348640726238,32.957142841925595,35.61203109949419,3,1000.0,17,No
28,Female,25.228049357135024,66.60403436356602,82.53924240965685,8,1000.0,31,Yes
29,Male,35.88395119655957,62.4876236791706,44.2053296372232,1,1000.0,18,No
30,Male,40.74532816861634,89.25798551192321,9.556179721788055,2,1000.0,1,No
31,Female,59.13110403307595,30.829851726688414,30.18046487210971,2,1000.0,18,No
32,Male,55.21615920942915,103.40171159278425,27.933394175483514,3,1000.0,11,No
33,Male,44.22178248472784,19.480230202049857,18.224530102018697,1,1000.0,18,No
34,Female,41.72850225756408,31.920922166853757,59.14180706635066,8,1000.0,20,Yes
35,Female,18.0,34.193653280803986,78.65543368635576,7,1000.0,19,Yes
36,Male,53.71105194789792,90.28080258709859,21.520445345251453,2,1000.0,6,No
37,Male,44.69685733117492,24.66291312518807,17.822109349109553,1,1000.0,16,No
38,Male,30.103319829003325,32.56836591967882,81.67597490105886,7,1000.0,28,Yes
39,Male,25.622191059840198,87.65151666410692,78.08939554628952,7,1000.0,30,Yes
40,Female,22.035345885002172,21.5361432730731,92.7131530576204,8,1000.0,27,Yes
41,Male,47.45856345693043,86.24921177131883,10.720728071481883,1,1000.0,10,No
42,Male,20.915178153673146,26.535746007043034,79.60416357773441,6,1000.0,23,Yes
43,Male,43.4827445356176,18.396333945834197,12.883401249470099,2,1000.0,9,No
44,Female,46.07795801498051,53.89490125758237,55.1911459300284,6,1000.0,18,No
45,Female,27.121100657680007,31.0575597350691,70.1461538599214,7,1000.0,23,Yes
46,Female,24.758339680642354,39.79717653496913,76.42057580593489,5,1000.0,21,Yes
47,Male,25.36246100515344,29.903554313129657,90.97902237237797,8,1000.0,21,Yes
48,Female,21.28885562802646,38.07472310405508,76.99991497304148,6,1000.0,24,Yes
49,Female,43.14097832544754,28.65916043825949,27.739655344060115,2,1000.0,11,No
50,Male,31.646118426037713,32.236763052081,81.54622449479508,7,1000.0,15,Yes
51,Male,30.384571775606535,34.20737760948076,74.84579855865641,7,1000.0,25,Yes
52,Male,50.135822311849154,48.34343107513583,44.80602177333032,4,1000.0,14,No
53,Male,36.908875803672515,46.5737947454984,52.6653863587186,3,1000.0,21,No
54,Male,46.194684848195195,10.0,22.853895504403898,1,580.59,14,No
55,Male,38.89252646516619,63.03542827868969,45.4939311083171,6,1000.0,18,No
56,Male,34.15703116484357,39.7775550513917,76.88071687192178,6,1000.0,31,Yes
57,Female,48.8977384729985,59.72690541421853,51.86772637184194,5,1000.0,18,No
58,Male,27.21060902242972,30.378496119823403,81.92280924861981,8,1000.0,24,Yes
59,Female,34.11676258139482,110.5245274174549,86.75836480553772,8,1000.0,27,Yes
60,Female,22.184813340111376,15.79538401434208,95.6904277757091,9,879.41,27,Yes
61,Female,46.15730801199628,31.2088557404876,40.247257895415956,4,1000.0,20,No
62,Female,31.13801160465246,88.0532973812252,94.93771084280621,5,1000.0,23,Yes
63,Male,54.76442240538351,100.861056047234,9.337873906697675,1,1000.0,6,No
64,Female,56.441406450698096,30.253528407949872,14.027284962215008,2,1000.0,13,No
65,Male,25.9403764464531,15.562320282617755,98.73580162010396,10,817.81,24,Yes
66,Male,19.59258080007296,41.28254936002905,73.49635561505077,6,1000.0,25,Yes
67,Female,51.92157997679504,22.527230460343006,32.97692177518256,2,1000.0,16,No
68,Male,23.058725032370994,33.27445682345397,80.12051505263196,6,1000.0,22,Yes
69,Male,23.17167606758172,95.04106859690535,81.47733760033977,8,1000.0,25,Yes
70,Female,58.271876758045664,92.64140191849323,19.462652636801675,1,1000.0,8,No
71,Female,62.09755878623762,118.8163679450795,25.50223768998458,2,1000.0,10,No
72,Female,50.277159415459685,91.25338671643856,14.26926110276994,2,1000.0,10,No
73,Male,26.873809082232217,87.26390256496032,98.7497707689643,5,1000.0,28,Yes
74,Female,29.013891645732382,77.73946995801897,85.29165686987768,10,1000.0,24,Yes
75,Male,53.068770554566385,95.35635459850455,25.597838558096452,1,1000.0,14,No
76,Female,52.4140330681542,102.68727492147329,14.537596521595994,2,1000.0,12,No
77,Female,38.90364719072611,92.52479788343585,87.80153279284926,5,1000.0,30,Yes
78,Female,20.86195242474679,33.30278893886477,85.20852045336244,7,1000.0,25,Yes
79,Female,39.81162096322437,18.04545046967406,27.349328188875724,4,1000.0,17,No
80,Male,44.57861123581127,29.559528814814374,14.67171143281508,1,1000.0,14,No
81,Female,32.63696451370397,56.860205167009696,47.20172991234518,5,1000.0,24,No
82,Female,18.0,39.40169172675411,69.53874345452994,5,1000.0,22,Yes
83,Male,66.01327466477302,24.25589962666853,28.21248454500799,3,1000.0,12,No
84,Female,51.881694062323106,68.31490535045943,65.88909124981507,6,1000.0,25,Yes
85,Male,42.86154256671788,83.64134502492753,21.581980918658207,2,1000.0,13,No
86,Female,27.358989751590855,29.921407896342533,66.89604771429289,5,1000.0,25,Yes
87,Female,44.979468953788796,53.251737505893686,48.35008832835307,4,1000.0,20,No
88,Female,32.0543470753261,32.78490522686989,26.161632482283665,1,1000.0,7,No
89,Male,62.77098733983378,94.25492353468827,23.964380913633157,3,1000.0,14,No
90,Female,34.159090880526314,72.53838441338809,100.0,10,1000.0,29,Yes
91,Female,49.4152456724643,99.94566602142484,24.48407404864406,1,1000.0,13,No
92,Female,42.29651110406792,39.081881988685616,27.12764215483546,1,1000.0,13,No
93,Male,50.719164178556,96.38507962388442,25.349765390263162,2,1000.0,8,No
94,Male,52.0647889888582,103.81929910383239,8.205895027225825,1,1000.0,12,No
95,Female,42.76421007121457,15.167198111144108,40.97606525474357,4,858.08,17,No
96,Male,63.903952766109605,101.26616067532984,12.91167350360878,1,1000.0,14,No
97,Female,33.559513088873295,25.769098653078014,78.29434298475869,6,1000.0,19,Yes
98,Female,24.63813362292289,33.16061159413279,85.15042081363455,8,1000.0,27,Yes
99,Female,52.787731462321155,27.132855487876572,30.3448076140537,3,1000.0,13,No
100,Female,23.24316936201729,34.05512405810554,83.9783342226462,8,1000.0,25,Yes
101,Female,33.8142364539906,96.37966699020966,81.90297337562092,7,1000.0,24,Yes
102,Male,51.210971200913086,31.920398427489317,14.671004888410353,2,1000.0,13,No
103,Male,22.90382257107588,34.256797238528335,93.67433995783698,7,1000.0,26,Yes
104,Male,56.94940111677241,112.72377986977595,17.21138626876136,1,1000.0,8,No
105,Male,53.50114295348586,103.05735299526118,3.7155380055015605,1,1000.0,9,No
106,Female,30.043212872458106,16.973630834017474,87.97552054622723,5,992.24,25,Yes
107,Female,56.120990743255874,71.60406997485114,3.9765712014690173,1,1000.0,9,No
108,Female,37.16240958726253,102.14722059686548,78.83395448858218,6,1000.0,14,Yes
109,Female,46.708726629735615,100.12604972376221,19.91079094658142,1,1000.0,14,No
110,Female,48.32637129509469,59.31622831989778,62.66424635165228,4,1000.0,20,Yes
111,Female,47.82046666748236,61.486957442265194,47.183002237570605,4,1000.0,13,No
112,Female,45.02275136086709,27.689446091768197,39.727544559497666,5,1000.0,19,No
113,Female,49.56235162366129,97.60528987074017,4.286379646048836,1,1000.0,11,No
114,Male,26.70323492017632,45.80038796765197,72.5308951258966,8,1000.0,22,Yes
115,Male,70.0,29.09344362793992,4.416550068925247,1,1000.0,5,No
116,Male,28.072308800160442,103.30438563269084,98.99522044374862,10,1000.0,28,Yes
117,Female,33.590492741258416,105.67594420878967,76.75550120955353,6,1000.0,24,Yes
118,Female,26.59869206403046,73.2054071799821,80.76455846805668,7,1000.0,27,Yes
119,Male,46.571513918614,56.91390186144717,56.94279229330546,5,1000.0,18,No
120,Male,20.253943930013055,23.871324812316935,81.63688167619931,7,1000.0,28,Yes
121,Female,26.986760973473423,103.01849168160095,80.60806780935766,8,1000.0,23,Yes
122,Male,39.027664542412516,58.76955472481638,46.885694466180055,1,1000.0,13,No
123,Male,44.59033363877552,84.00644175167912,23.76436170884869,5,1000.0,9,No
124,Female,33.84773091262764,67.5744798479393,44.476805725586004,5,1000.0,17,No
125,Male,33.081079084840304,83.69587375970366,78.59331034002544,6,1000.0,24,Yes
126,Male,31.23051841145091,100.517834670159,83.26842574397926,6,1000.0,26,Yes
127,Female,47.54165852369778,32.844504166496804,31.72421800201245,2,1000.0,14,No
128,Female,29.807541399901293,85.56520107514712,85.57859171611523,8,1000.0,28,Yes
129,Female,40.854531051669944,57.81676736635167,40.44583658523398,5,1000.0,15,No
130,Male,53.66308947615248,87.81696583829252,26.34121328043352,2,1000.0,7,No
131,Male,21.31012860251794,25.414231629663476,83.56319059529392,8,1000.0,24,Yes
132,Male,42.085271332897186,75.48986463758953,36.96557911556598,2,1000.0,9,No
133,Female,48.76897062868321,34.777896909834226,20.373488616581593,1,1000.0,13,No
134,Female,25.4472107763006,81.29135352353671,73.71627174244941,8,1000.0,26,Yes
135,Male,50.09822776386417,52.033443923742325,46.415782881598155,5,1000.0,14,No
136,Female,18.0,19.964039992766807,91.72311804415276,9,1000.0,31,Yes
137,Male,43.818633996603474,65.49850746932596,58.31993951863864,4,1000.0,22,No
138,Male,19.997518877708238,47.00893410057778,95.59786076480984,7,1000.0,31,Yes
139,Male,21.74493423150786,10.0,77.14774328044739,6,517.76,24,Yes
140,Male,31.191481310607244,84.3228096522431,83.44934532320698,6,1000.0,22,Yes
141,Female,20.68536785464882,36.45144302847693,80.50906592294844,8,1000.0,26,Yes
142,Female,34.75757031471477,102.22203346207937,69.77973505139347,5,1000.0,20,Yes
143,Male,42.60634452416128,24.255824238156737,45.570978877510264,2,1000.0,17,No
144,Female,24.596021467601297,35.68792417454145,64.95446584580391,6,1000.0,20,Yes
145,Male,30.71607726248761,99.78292982116258,91.0337555954211,6,1000.0,30,Yes
146,Female,33.11699719458176,90.13000506495126,85.43098034437816,5,1000.0,27,Yes
147,Female,18.0,23.696269803689994,81.8475516511053,7,1000.0,24,Yes
148,Male,26.420120965368973,96.88838247032785,88.26747785185404,5,1000.0,20,Yes
149,Female,36.836851273609966,99.58253826152571,86.59082986394198,8,1000.0,23,Yes
150,Male,53.23586303843341,34.030612973797936,20.940501712736143,1,1000.0,14,No
151,Male,22.68267600672079,29.322217738246124,76.1957556466852,4,1000.0,24,Yes
152,Male,48.09412167038091,49.35420512490426,60.0132117711986,5,1000.0,15,Yes
153,Female,22.53210720447847,33.30677649987551,81.33132119010311,7,1000.0,19,Yes
154,Female,20.09608076683333,29.86077189356447,82.66914825160478,7,1000.0,25,Yes
155,Male,47.549951190226516,19.943760648962297,38.611433948209374,3,1000.0,13,No
156,Female,52.526196897170415,87.05697424836478,31.34537616427092,1,1000.0,11,No
157,Female,26.469559238881303,21.598810025188733,71.64404202880097,7,1000.0,24,Yes
158,Female,28.88802640056079,92.97306978849822,89.35959882024746,9,1000.0,29,Yes
159,Female,54.65124935669997,31.237434438400857,35.77396782912797,2,1000.0,13,No
160,Female,24.50717263872188,24.682524336652445,79.97319304272821,6,1000.0,24,Yes
161,Male,41.58611603792525,31.796061133037572,45.509065127234734,3,1000.0,17,No
162,Male,53.885222397702705,90.75784434788214,15.476534467239006,2,1000.0,11,No
163,Female,54.37963337063195,22.500725051347363,30.692981203766585,2,1000.0,14,No
164,Male,18.66902211684686,49.325333550083286,78.27451578478994,6,1000.0,26,Yes
165,Female,45.73714297492761,34.858395417339516,21.65036127354841,3,1000.0,10,No
166,Female,58.18449465827966,30.22956298291916,24.052816795630164,1,1000.0,8,No
167,Male,23.0999763865185,38.453145193011835,81.84389771682802,8,1000.0,29,Yes
168,Male,25.72923492476308,33.7870131082254,81.06348948178153,8,1000.0,27,Yes
169,Male,51.63910558444989,27.290059463914055,24.601530945387392,4,1000.0,10,No
170,Female,35.28531043183975,57.67984225826557,36.243671946302236,1,1000.0,16,No
171,Male,25.13423228244365,28.035687886846297,82.99668087560782,7,1000.0,28,Yes
172,Male,35.70702999550994,35.92578368765222,47.19307754421168,2,1000.0,20,No
173,Male,40.678611318000314,17.316659900737108,31.14386615755656,1,965.37,16,No
174,Male,51.607429362852244,47.82743707802905,49.39383338222837,4,1000.0,17,No
175,Female,40.15328629992113,49.06991420221417,55.30989771110417,4,1000.0,24,No
176,Male,48.06084876257171,47.182535296609565,50.35813493675923,5,1000.0,19,No
177,Female,59.70719820360336,101.89036203214972,25.86388206880342,3,1000.0,12,No
178,Male,50.20791184465449,67.19360655135925,58.22914104242453,6,1000.0,22,No
179,Male,42.86962448868709,51.557652842877175,50.82782212250548,4,1000.0,18,No
180,Male,48.793559883859785,75.47513126989318,18.04350653939972,5,1000.0,13,No
181,Male,54.145157463023324,89.12730582233822,18.650541489329743,2,1000.0,12,No
182,Female,41.075779704199604,67.21171096796999,47.12450180780078,6,1000.0,19,No
183,Female,57.49643367528418,11.725057048912156,35.78284625063229,1,699.75,12,No
184,Male,36.487030574313124,99.02254673389191,70.91657397757359,8,1000.0,18,Yes
185,Female,55.13220896655737,27.699284945948495,4.765300480602718,1,1000.0,13,No
186,Male,49.78906624700818,67.99755770694071,34.76390342507863,1,1000.0,16,No
187,Male,53.05252645180068,108.88591121444182,28.611129194200025,3,1000.0,16,No
188,Female,27.344244204638095,11.46922984071744,85.83634213308652,7,665.21,20,Yes
189,Female,28.909480508130287,99.95857528718494,86.79313020903678,8,1000.0,29,Yes
190,Female,41.88071033826681,60.76813464468312,48.624693031425934,5,1000.0,16,No
191,Male,47.8300590407564,24.66865600522743,12.156728070523501,1,1000.0,8,No
192,Female,55.40712084262763,86.9396968032943,18.59445693771486,3,1000.0,12,No
193,Male,50.008817709177535,15.488694138607368,10.109208770585413,1,865.22,7,No
194,Male,28.501307116953985,94.54563482299656,90.20826789454412,9,1000.0,26,Yes
195,Female,32.452113024744556,60.72968335971534,48.039443053469306,4,1000.0,17,No
196,Male,25.584213774517615,83.5144814394063,90.61300132428117,7,1000.0,29,Yes
197,Female,43.64403471051343,55.45275870479789,51.947965910463196,4,1000.0,23,No
198,Female,27.712391106464775,29.32030302817674,80.43455109163389,7,1000.0,29,Yes
199,Male,48.829024440826835,52.015720381631574,54.94512476224545,4,1000.0,12,No
200,Female,48.97777311596115,90.84132658588216,19.271651702402544,1,1000.0,9,No
201,Female,51.60690997090736,35.165091775306415,25.7723621083102,1,1000.0,6,No
202,Male,18.00065235470582,34.42012405473756,99.63073739316567,8,1000.0,24,Yes
203,Female,30.54334415533675,72.9123236082042,86.18757022629596,8,1000.0,23,Yes
204,Female,41.98192438089696,54.2160204097385,57.56327919981706,5,1000.0,21,No
205,Male,50.269648718014345,61.15227170680974,48.93553532263145,5,1000.0,16,No
206,Female,48.75407270621778,41.555533229071834,44.271551034128045,3,1000.0,15,No
207,Female,26.97686110699135,89.69049352068066,88.54714263740786,6,1000.0,26,Yes
208,Male,23.197148206650866,23.657749438484075,87.79880227756904,8,1000.0,20,Yes
209,Female,46.35180294456714,28.612773525226203,29.408541963807263,2,1000.0,11,No
210,Male,52.23326564753768,95.4327169474429,27.213313943050807,2,1000.0,12,No
211,Female,30.756847372851883,98.62796985790489,88.81267211022873,9,1000.0,25,Yes
212,Female,54.101325265121496,58.684720760822174,55.10378616120619,3,1000.0,19,No
213,Male,58.609940283978204,95.63617759950169,15.535028322893915,1,1000.0,16,No
214,Male,27.629272094382717,85.35493074497512,78.34768322262298,6,1000.0,26,Yes
215,Female,31.58902584600942,83.70483451950916,86.36396974841293,8,1000.0,23,Yes
216,Male,51.04795333773618,94.58378506707486,23.892396534801993,3,1000.0,12,No
217,Female,48.748605253668714,101.38891045936774,30.971155066472665,3,1000.0,13,No
218,Male,31.715545414758793,82.17904314727531,80.69487392062143,6,1000.0,23,Yes
219,Female,50.510422595289306,89.05109702930434,13.061737832729651,2,1000.0,11,No
220,Female,30.77203638480846,87.78802668274201,86.32804618490641,9,1000.0,20,Yes
221,Female,59.11832447329173,92.63647166075641,11.702059967237822,1,1000.0,13,No
222,Male,28.005537538732245,97.70425217116643,89.73739189501869,7,1000.0,31,Yes
223,Female,26.074558590454266,25.627052937865276,86.01522094426159,8,1000.0,24,Yes
224,Female,47.86139446822239,48.74120533099021,49.667439219659805,4,1000.0,17,No
225,Male,54.12241178209267,48.34113151182951,36.3593066460502,1,1000.0,16,No
226,Male,60.29742660678879,106.3660477170456,16.801228734958023,2,1000.0,14,No
227,Male,29.435041090659567,77.75064949811048,85.62266590826792,6,1000.0,24,Yes
228,Female,56.161396007599805,24.74437094945033,32.01681583029034,3,1000.0,17,No
229,Female,32.31861928695216,95.7781689088114,81.60983573589542,6,1000.0,26,Yes
230,Male,22.581503268266022,17.072592958700188,75.46664469991916,6,932.6,30,Yes
231,Female,48.980912748187556,46.63601025307953,43.757586769144766,4,1000.0,16,No
232,Male,26.560759294828497,32.81937804395165,85.5189059983704,10,1000.0,19,Yes
233,Male,39.85745621936717,43.38434769580208,15.273973006661997,2,1000.0,7,No
234,Female,24.61698925493627,28.889411528919894,70.50686786107963,8,1000.0,22,Yes
235,Female,49.7787434631205,95.2330760088587,15.45018751695571,4,1000.0,14,No
236,Female,57.623341729209095,93.38374254537528,10.611077302871994,1,1000.0,8,No
237,Male,43.443246803984216,101.06165090611456,9.592604521097646,1,1000.0,9,No
238,Female,43.8985564382945,59.00189667100263,42.03715708860786,2,1000.0,18,No
239,Female,47.34442850264934,39.53985738614531,52.37167147198847,4,1000.0,16,No
240,Male,41.75485239842395,53.92901821842196,40.57682685615542,3,1000.0,14,No
241,Female,46.377867973600445,111.18802025020598,28.506085062102276,2,1000.0,10,No
242,Female,46.45250753114279,63.45863293176719,56.76810835737015,7,1000.0,23,Yes
243,Female,45.73650651399654,28.285621310886107,13.219932975671929,1,1000.0,15,No
244,Male,23.641217492769897,38.28389974677431,74.71434201394291,5,1000.0,18,Yes
245,Female,58.13884722812336,95.91585738693763,10.302396940311874,3,1000.0,10,No
246,Female,35.35608291992213,63.273725827369795,54.42019268206708,6,1000.0,23,No
247,Male,24.4070562919505,28.08177730026438,81.68454382102868,8,1000.0,26,Yes
248,Female,27.521184997012995,40.33097296341099,92.18947359552484,5,1000.0,25,Yes
249,Female,54.231759404550985,93.28068309635479,21.02373605473199,4,1000.0,8,No
250,Male,45.13272214353048,59.66260249460582,60.46389309712084,4,1000.0,24,Yes
251,Male,62.81029005341659,26.76847222231548,42.2470792705957,4,1000.0,18,No
252,Female,35.861196233791965,88.99177009814792,95.48995387205557,11,1000.0,23,Yes
253,Female,59.799538109934154,25.23822733483692,38.85772201988519,6,1000.0,19,No
254,Female,48.45049692621578,76.31703215181273,46.60769134400401,3,1000.0,13,No
255,Male,28.23286628132002,69.7333787025666,88.99835744397573,6,1000.0,25,Yes
256,Female,50.62675878933103,24.622037970786,24.345194148095537,4,1000.0,12,No
257,Male,34.13267393894931,65.78600457548518,46.08240420377352,4,1000.0,22,No
258,Male,70.0,93.24398699288967,14.68266811266183,1,1000.0,10,No
259,Female,39.526121287590826,42.29235121110174,53.85817512562354,5,1000.0,18,No
260,Male,45.06070210154614,34.78751674238643,22.80202003860466,2,1000.0,8,No
261,Male,36.92221055842823,97.5745574931704,85.20017743702842,8,1000.0,23,Yes
262,Male,51.481395524104926,63.57064114933489,73.56970261330581,6,1000.0,20,Yes
263,Male,49.543268530130774,95.7661610545846,30.98096307707651,3,1000.0,12,No
264,Male,18.0,39.218604942627934,83.51442206145177,6,1000.0,25,Yes
265,Female,36.67073546731651,42.73264307303991,44.62008421495773,5,1000.0,10,No
266,Male,18.57590213837214,85.10460556308496,89.35789433339806,8,1000.0,21,Yes
267,Female,44.6658955132182,36.32987620860285,38.2795808218023,4,1000.0,15,No
268,Female,29.102577930503095,31.614486371850553,61.40256582010825,4,1000.0,21,Yes
269,Female,43.07411755577176,27.147768839353677,17.849058803961512,4,1000.0,11,No
270,Male,41.16296714708057,69.49060721824041,36.83378776387745,3,1000.0,15,No
271,Female,52.870152336714156,62.962537795787235,52.14573446622156,5,1000.0,17,No
272,Female,26.43191722129618,81.26049654508574,73.61647599787882,6,1000.0,23,Yes
273,Female,38.58382740157194,105.37611560074042,75.15600759991702,7,1000.0,24,Yes
274,Female,48.68423203056279,99.33144769231909,17.903436032794545,2,1000.0,13,No
275,Female,20.406626214840912,83.42227239444311,98.65724008614013,5,1000.0,26,Yes
276,Male,48.460128457513335,93.36532663297793,11.983758031752336,2,1000.0,13,No
277,Female,55.52657791170249,96.15151799024584,14.805861809101149,4,1000.0,11,No
278,Female,44.17206762515545,109.04543374010876,8.761196153512438,1,1000.0,13,No
279,Female,32.51907847794777,68.46120755288428,89.95048178108668,6,1000.0,30,Yes
280,Female,47.821793323560364,64.85305340475922,48.71033225144105,5,1000.0,13,No
281,Male,61.50402163338217,118.07791694996068,17.748638047678256,3,1000.0,9,No
282,Female,27.744974849350363,91.49177260344936,81.65623897874055,7,1000.0,27,Yes
283,Male,43.632908627929154,24.779568758550944,38.72604806404996,3,1000.0,11,No
284,Male,33.85940997517716,85.1905387274191,67.814124819944,5,1000.0,26,Yes
285,Male,32.73321303836119,59.5308617434169,33.02755246888946,2,1000.0,14,No
286,Male,50.05095469216369,21.606617650809845,25.734446196645386,3,1000.0,15,No
287,Female,30.319281506670713,91.2058993389071,82.23904707045035,5,1000.0,24,Yes
288,Male,45.00900062074587,23.67525748638137,28.87113853793512,2,1000.0,10,No
289,Male,56.831156048685685,82.81027477463874,19.638600693954114,4,1000.0,15,No
290,Female,30.98291036743869,91.83771134623042,86.16738733717563,9,1000.0,33,Yes
291,Female,49.587791137928654,97.7903042546254,24.32620097688534,1,1000.0,11,No
292,Female,30.70518327911282,95.05939836533724,91.93247387726255,6,1000.0,25,Yes
293,Female,40.89435785262839,104.43463841865368,22.396994356548923,2,1000.0,5,No
294,Female,45.33024803356764,103.02470882319689,17.21175365783227,3,1000.0,15,No
295,Male,40.42820138208868,50.43088195780904,52.419190753905795,2,1000.0,21,No
296,Male,37.28788114492768,63.11327166953007,48.889099302442624,4,1000.0,13,No
297,Female,49.814785099072374,102.5287567761397,17.763102663766436,1,1000.0,5,No
298,Male,54.63723777753611,33.87755770504519,14.321569294248183,3,1000.0,5,No
299,Female,55.76482141556047,19.227784170988684,34.372644215060085,1,1000.0,17,No
300,Male,62.19850034561168,33.24900662961479,7.744154842402615,1,1000.0,12,No
301,Male,55.44496003570213,41.47677379561607,22.575746872015767,1,1000.0,10,No
302,Female,29.82648339985055,78.11513278073568,87.18455593173769,9,1000.0,27,Yes
303,Female,59.615063095258776,101.97737128149454,41.99376884101459,4,1000.0,17,No
304,Female,42.198162257794785,40.32393969326262,51.367767772545754,4,1000.0,17,No
305,Female,27.50128940872506,50.20206467621938,62.99505646880169,6,1000.0,24,Yes
306,Male,43.950801891790626,56.61475131548142,64.56624301372285,5,1000.0,17,Yes
307,Male,28.64700054168315,102.61820412934108,85.90514882616438,8,1000.0,29,Yes
308,Female,31.90023731729513,77.82695144136987,81.62567243620248,7,1000.0,22,Yes
309,Female,33.61489060293676,54.142794295971896,53.123218751330135,6,1000.0,24,No
310,Male,35.339771369451284,73.44261030416341,52.22484815273569,5,1000.0,15,No
311,Female,52.346773513511316,102.69657751345625,14.197503433938547,5,1000.0,10,No
312,Male,30.817387395837265,82.8313377964241,95.91075937062288,8,1000.0,27,Yes
313,Male,40.58952455422043,28.378992755843043,27.634526281214207,3,1000.0,14,No
314,Male,54.36895446644621,89.18764826917167,13.731434184984316,1,1000.0,12,No
315,Female,38.599228961723405,59.75492890789254,48.84923383270429,4,1000.0,14,No
316,Female,33.98104404226261,94.77003719395073,69.06161111330275,3,1000.0,22,Yes
317,Male,49.732484577860475,41.50272860689762,35.60215240830665,4,1000.0,16,No
318,Female,44.53207896424181,45.46547082577051,53.82042972900517,6,1000.0,17,No
319,Male,56.43849963926955,92.46253319172416,22.217194411631063,2,1000.0,14,No
320,Male,61.057974750376246,86.42725580258275,12.591902765286111,1,1000.0,6,No
321,Male,46.15619595596527,59.117883725782725,58.230706363302495,4,1000.0,19,No
322,Male,51.98855668332639,24.59346962095484,28.45754121172324,1,1000.0,11,No
323,Male,19.431493826815306,28.247769017869043,84.02239384773124,8,1000.0,24,Yes
324,Female,45.476400482932775,42.80831309337896,9.862526009410665,1,1000.0,14,No
325,Female,21.810038572004757,23.435541162910628,74.39720954033638,6,1000.0,27,Yes
326,Female,26.78500888259561,76.73579313141006,90.2689150400084,7,1000.0,30,Yes
327,Male,21.811618810451595,31.145013349120582,76.52139390471804,8,1000.0,22,Yes
328,Male,26.545597938568953,106.7227923608685,91.46052527546586,8,1000.0,29,Yes
329,Male,30.79079760026913,37.23276296497701,58.34087068509189,6,1000.0,20,No
330,Male,48.88087965070748,78.50917666065777,27.320145927782388,3,1000.0,14,No
331,Female,43.01474430059454,57.264139763490874,56.47631417604726,6,1000.0,19,No
332,Male,18.760091366870427,18.579494250310848,92.64763435922562,7,1000.0,32,Yes
333,Female,18.25133295703083,21.444335420471052,71.82051696363388,8,1000.0,26,Yes
334,Female,32.31978369476209,33.45368310288066,87.72326379548304,5,1000.0,28,Yes
335,Male,43.17700527347237,49.5830150991889,55.050330266081346,6,1000.0,18,No
336,Female,32.66030417521918,45.14244893113155,55.86380143409185,4,1000.0,19,No
337,Female,43.85646861503932,93.10918530838127,18.99541358951212,1,1000.0,13,No
338,Female,48.82802797997703,75.48881525151143,15.597497761679152,2,1000.0,10,No
339,Female,25.875158115337573,91.61439863287698,85.77343377089628,8,1000.0,28,Yes
340,Male,25.511845839747497,25.268096089179217,84.18222360372714,8,1000.0,22,Yes
341,Male,18.0,17.246666871433522,61.315418206666976,3,968.4,21,Yes
342,Male,27.503513802140013,82.46701775661442,90.5252092829822,9,1000.0,19,Yes
343,Male,43.45936189065791,29.640258087665604,31.506372612664617,2,1000.0,13,No
344,Female,47.8820855461053,97.98052210107176,27.01349284268636,1,1000.0,20,No
345,Male,34.571023351166595,55.2236710442018,44.54372493440548,4,1000.0,20,No
346,Female,19.302040470027446,19.2448378165684,70.4748114225704,6,1000.0,27,Yes
347,Female,48.420203040264084,18.33493326662952,20.594183807290904,2,994.18,10,No
348,Male,53.692360847970285,30.694065780513615,20.755939016494743,1,1000.0,12,No
349,Male,38.44845206679362,108.9303641391166,85.18285702077809,7,1000.0,29,Yes
350,Female,18.0,98.8644819701626,68.94216561976489,6,1000.0,24,Yes
351,Female,37.38073055360033,100.835849007423,97.41948752896614,8,1000.0,29,Yes
352,Female,49.821858908574086,25.831685396908973,21.39919093047821,1,1000.0,17,No
353,Male,21.81495931587641,36.86748057572292,85.69817191604703,7,1000.0,22,Yes
354,Male,30.601128167171066,82.77818692073028,100.0,8,1000.0,27,Yes
355,Male,54.38662229774009,18.41372848135955,20.869951872502984,1,1000.0,7,No
356,Male,47.59065658445223,47.80414970890585,52.81238367060711,2,1000.0,15,No
357,Female,34.75398150168074,56.11571917343607,84.24373610147525,9,1000.0,28,Yes
358,Female,47.51846407495585,25.527565265897262,27.41356107956833,2,1000.0,11,No
359,Female,33.28759803747937,91.42050944324609,82.38320824165397,7,1000.0,27,Yes
360,Female,45.79572779870562,55.441480683469216,48.15439669443617,1,1000.0,23,No
361,Female,18.750882458644323,19.06141650313745,69.35016165828743,8,1000.0,21,Yes
362,Male,31.391645306101076,89.20921252393649,74.63801131254776,6,1000.0,24,Yes
363,Male,33.22958912896905,103.74309513179095,80.81054468298565,7,1000.0,26,Yes
364,Female,18.0,25.03611530568661,86.83568501435755,9,1000.0,22,Yes
365,Male,26.194119434139097,23.54297119791965,92.16937710211793,7,1000.0,25,Yes
366,Female,29.393120263705594,24.868957557063514,74.05367997628026,7,1000.0,20,Yes
367,Female,27.035860313102553,84.92667224611453,91.6537660554991,5,1000.0,25,Yes
368,Male,54.55197436285957,103.77078769350588,24.7149560023069,3,1000.0,15,No
369,Female,38.57263534096866,79.40614456190859,87.66250971268741,9,1000.0,24,Yes
370,Female,32.783251206357114,20.09826655541885,24.401172912521222,1,1000.0,13,No
371,Female,25.672826451018143,29.287289805793012,75.46246064949858,8,1000.0,20,Yes
372,Female,45.27407485754873,36.216645858544624,21.927742576958877,4,1000.0,16,No
373,Female,38.74620811021764,97.94017073541133,88.20276142303761,7,1000.0,24,Yes
374,Male,24.032015448395022,99.35238161399627,81.54360595576051,6,1000.0,29,Yes
375,Male,24.0278012099715,95.12843613079377,75.28437757603422,5,1000.0,23,Yes
376,Female,37.426551227222504,54.9089567967798,67.74737139291781,5,1000.0,17,Yes
377,Female,43.191589709452586,25.250700884196547,30.858760435373163,2,1000.0,14,No
378,Male,34.57022586974372,58.98525742918824,59.6474144609327,4,1000.0,17,No
379,Male,22.771620461155596,37.183079969778056,82.33159938569445,8,1000.0,26,Yes
380,Female,37.615908217177314,53.21975782693144,46.961941280158065,3,1000.0,17,No
381,Female,41.47417045310114,56.37446109297846,54.705599479774854,5,1000.0,19,No
382,Female,51.56067774710995,13.409718572427112,24.221534489823785,2,718.3,12,No
383,Female,18.0,28.06990923272872,79.00968329751264,8,1000.0,22,Yes
384,Male,57.856890148508256,94.698845328999,21.81452612840282,1,1000.0,9,No
385,Male,53.551394664602,35.3665135589158,24.015888613144718,2,1000.0,15,No
386,Female,24.376717766721637,30.070163115695777,75.6592082845514,7,1000.0,23,Yes
387,Male,47.38530865934566,72.28114083574064,12.463373458329691,3,1000.0,10,No
388,Male,18.0,38.78638939117276,81.50732806637943,6,1000.0,24,Yes
389,Male,41.244366162319,48.542633325270266,50.23823410587699,3,1000.0,16,No
390,Female,20.608080489378665,31.218129896344227,81.96587186337082,6,1000.0,23,Yes
391,Female,46.83169778585954,86.19538035177594,26.73539548216582,5,1000.0,14,No
392,Male,47.6299803199609,23.313877424410656,22.03594958648385,3,1000.0,9,No
393,Male,40.92584139305375,27.5968985160285,31.653026461315747,3,1000.0,12,No
394,Female,29.861646662028694,113.63633443675384,87.949516976343,10,1000.0,30,Yes
395,Female,31.14977223921106,80.91697869034195,83.33026587210134,7,1000.0,24,Yes
396,Male,42.546903098764155,15.006128629575258,32.79409777703046,4,852.22,13,No
397,Female,44.41984611114838,23.437599554000165,26.684560271667717,2,1000.0,9,No
398,Male,55.0749973133291,91.79225167093722,19.981788326736872,2,1000.0,15,No
399,Female,33.730937036572016,86.39806405390053,87.11633619234334,8,1000.0,22,Yes
400,Male,21.703776908054248,77.5868100157225,89.23877844656283,7,1000.0,26,Yes
401,Male,23.532206804163508,92.34137547113296,83.97100852462049,8,1000.0,20,Yes
402,Female,28.177663687398855,81.71537231032272,91.36538012673763,8,1000.0,29,Yes
403,Female,60.10923808163885,29.801152975601166,27.579925725382537,4,1000.0,17,No
404,Male,26.58834685071253,78.0390276817562,84.72182766635677,7,1000.0,26,Yes
405,Female,41.18375246429347,17.36433923010507,31.42756649892466,2,968.15,10,No
406,Male,53.96516751776283,22.846967362281433,26.951714570233953,4,1000.0,16,No
407,Female,58.011713606750604,97.05026687061878,11.647917477308866,1,1000.0,8,No
408,Male,50.602639520577405,108.26809420041991,21.72918650523579,2,1000.0,9,No
409,Female,32.69566051591403,93.41629219369115,79.01142049415223,7,1000.0,23,Yes
410,Male,26.895773903586786,93.38865157051742,90.71810246014286,8,1000.0,25,Yes
411,Female,48.5994297055073,47.27705009708626,53.46496427741755,6,1000.0,17,No
412,Female,28.748176446875906,23.09042760798384,91.8939770863982,9,1000.0,30,Yes
413,Female,38.19470413672095,116.2508633962166,86.61653408580996,7,1000.0,31,Yes
414,Female,49.65497273383714,32.9619663347039,31.382421384395332,5,1000.0,10,No
415,Female,48.75820116597363,62.056298624185935,49.15150472769569,4,1000.0,16,No
416,Male,59.331982725841016,84.28745850307274,20.040966357077636,2,1000.0,12,No
417,Male,37.81867808024899,77.49753501879681,80.25767040101985,6,1000.0,23,Yes
418,Female,46.030483746463744,58.54520775912537,42.99979673875004,3,1000.0,18,No
419,Male,22.335223989079438,21.734525561447626,87.84387999616457,9,1000.0,28,Yes
420,Female,50.46471185397681,112.92155910760633,20.56770170828015,5,1000.0,14,No
421,Female,23.121038786388493,27.782247670957418,78.04640131846057,6,1000.0,25,Yes
422,Male,48.77574766593662,43.07444545946991,22.289122639205125,3,1000.0,17,No
423,Female,45.855525774600835,28.39356307409907,33.72219605075408,2,1000.0,10,No
424,Male,18.316061755708883,33.18564915836752,73.4605985918307,6,1000.0,27,Yes
425,Female,51.87290882265664,25.03744034583726,6.567181281941707,3,1000.0,8,No
426,Male,25.47831041074994,32.52801339242808,75.36735753216456,5,1000.0,25,Yes
427,Male,26.80828069928499,76.88627274912348,90.4116995907721,6,1000.0,23,Yes
428,Female,27.528863129867233,23.84664380376877,75.6805243236892,6,1000.0,20,Yes
429,Female,29.683554394305183,112.70865281035546,88.81585223312253,8,1000.0,28,Yes
430,Female,41.396091394941344,29.82268185694303,13.986467674895346,2,1000.0,5,No
431,Female,56.30794185949703,111.75547393544485,31.758541795587707,3,1000.0,17,No
432,Male,26.939574013897357,25.916113508923093,69.592785947887,6,1000.0,26,Yes
433,Female,43.59876973978535,66.93782890501457,24.85699034105545,3,1000.0,14,No
434,Male,47.2801513584292,33.455296998718765,36.424251881878305,1,1000.0,16,No
435,Female,24.39962217560964,31.021731267992052,76.28543724402027,5,1000.0,21,Yes
436,Female,49.92349349696555,102.28469912472934,18.779374787442826,1,1000.0,14,No
437,Female,28.40496166623588,89.81683140557149,91.20431137243112,8,1000.0,27,Yes
438,Female,26.536692210849488,89.33471482447968,86.716944864449,9,1000.0,23,Yes
439,Male,28.640887614340958,28.32492256240407,74.25741291158623,5,1000.0,22,Yes
440,Female,49.093834334365866,105.5305743301538,34.233137090224254,5,1000.0,14,No
441,Male,18.744968745255868,22.332888694511,78.64962570638284,6,1000.0,23,Yes
442,Female,52.665736576408264,102.86969565554995,13.762068939789597,1,1000.0,7,No
443,Male,24.684454816752677,91.3808715313363,83.19119495854981,8,1000.0,27,Yes
444,Female,47.56032598662915,59.38623822871345,54.44303478106575,4,1000.0,18,No
445,Female,51.373111921738804,118.55580258568206,14.13576412884368,3,1000.0,11,No
446,Male,52.27566883628342,20.381860077561356,16.412258578084383,1,1000.0,10,No
447,Male,38.35592640740727,69.66391002956223,52.11115544363215,4,1000.0,20,No
448,Female,48.457131588733745,98.74436325954574,20.24603516997156,3,1000.0,13,No
449,Male,44.556186416026165,19.620226865270634,36.50833987609832,2,1000.0,19,No
450,Male,53.25890877226025,116.7373837346824,26.582251343786158,3,1000.0,15,No
451,Male,32.75659862380521,85.64795671383033,77.33258105300158,4,1000.0,23,Yes
452,Male,23.12907606204621,22.129951840559183,85.20152304584603,9,1000.0,23,Yes
453,Female,61.79591498618278,92.3908773388287,26.61143680673838,4,1000.0,16,No
454,Female,21.243083719132574,27.882732132548544,73.48028812347646,9,1000.0,22,Yes
455,Male,33.06806875450643,27.780799900488336,26.027613900782022,4,1000.0,13,No
456,Male,48.39516599256982,62.15894427402359,56.47162319231197,3,1000.0,19,No
457,Male,41.18174643817486,30.75698383642415,37.66075172385274,4,1000.0,14,No
458,Male,44.27920710425449,71.45734251758498,66.1517288889589,4,1000.0,21,Yes
459,Male,46.120722107958485,23.818361529516572,18.9083026766484,3,1000.0,18,No
460,Male,32.90318507938068,50.33437390526031,59.661323598049975,4,1000.0,17,No
461,Male,28.77577454849256,45.66291939357628,48.982948466784016,3,1000.0,15,No
462,Female,20.491259197513198,26.308998390318457,75.90136260462157,4,1000.0,27,Yes
463,Male,22.969839119753004,24.893817127231827,73.51029428915561,6,1000.0,22,Yes
464,Female,57.605858475527384,105.49654177860346,10.336196583268134,1,1000.0,9,No
465,Female,18.0,100.63374849570931,76.39839707013503,5,1000.0,26,Yes
466,Female,31.0637241922987,74.34328126971783,94.0842848968177,10,1000.0,23,Yes
467,Female,34.17467158120611,31.279648364437357,79.24717881232387,7,1000.0,26,Yes
468,Female,50.06716254885961,102.81799311312912,23.9738072565421,2,1000.0,13,No
469,Female,55.024489174870055,24.232500864411506,27.72094165123716,4,1000.0,15,No
470,Female,38.745191599762826,45.48055916736951,49.67187663197229,4,1000.0,19,No
471,Female,25.38743634811459,101.73726997742588,78.96655735388924,6,1000.0,22,Yes
472,Female,50.544821584811515,24.379466207441666,27.216502003500096,1,1000.0,17,No
473,Female,38.85602055926786,43.68509852628216,53.87018192761476,4,1000.0,17,No
474,Male,50.58750626852067,97.85984940722459,16.998099450586935,3,1000.0,13,No
475,Male,23.36031743115774,100.83178597056256,90.15730428808762,6,1000.0,30,Yes
476,Male,44.031273171127296,28.418675280992787,33.336155865303496,3,1000.0,19,No
477,Female,49.257769984825615,91.98115494809448,21.705427500051616,3,1000.0,12,No
478,Female,27.70454468222707,98.57091996987023,83.81769453784793,7,1000.0,26,Yes
479,Female,47.295784750036155,101.08638829873995,12.005085453980573,1,1000.0,9,No
480,Female,54.08927136674528,69.24246727222183,54.10796381536812,5,1000.0,26,No
481,Male,44.57598613091941,58.44197276037369,46.08724171264874,4,1000.0,20,No
482,Male,43.78385787408505,46.69180650587936,54.03054734752145,6,1000.0,19,No
483,Female,57.207081658187775,91.21913899016666,15.834287440916963,1,1000.0,12,No
484,Female,19.15009190140836,40.20568663495983,75.8746877292623,7,1000.0,24,Yes
485,Female,50.80756578390026,98.00155584995726,21.97545350022954,1,1000.0,14,No
486,Male,26.98624038272428,27.3446905611317,70.8906564922327,3,1000.0,21,Yes
487,Female,38.804342837193786,24.52446860294292,17.38519620260301,1,1000.0,10,No
488,Female,50.17829976815345,108.07578810759983,17.359052558814177,2,1000.0,11,No
489,Female,28.111745693327215,89.83601223744212,82.16062506151553,9,1000.0,21,Yes
490,Female,47.528261349972645,31.24521533488808,32.07800843810651,6,1000.0,17,No
491,Female,48.01927919843414,73.51166998657918,54.554875569379504,6,1000.0,17,No
492,Male,63.64135230944517,23.341109151642144,41.73027921939668,4,1000.0,13,No
493,Female,22.478495783121637,28.025867484658754,79.041019620617,7,1000.0,24,Yes
494,Female,40.68827573304761,55.77256357053853,45.359775980092486,2,1000.0,17,No
495,Female,27.31984869228549,26.13015475765174,85.24488318602313,7,1000.0,26,Yes
496,Female,51.166341717142586,51.786078671730344,56.35506734383342,6,1000.0,18,No
497,Male,32.79579644451592,112.5288688221975,81.46618604608535,8,1000.0,23,Yes
498,Male,56.770429700834704,78.73988908223447,16.52899112484231,1,1000.0,13,No
499,Female,50.473749863178355,36.358959814538686,15.192533080126378,2,1000.0,13,No
500,Female,46.71654384444666,54.43098889165337,37.8277787728615,4,1000.0,17,No
