customer_id,customer_age,account_age_days,transaction_count,average_transaction,total_spending,purchase_frequency
CUST0001,32,578,22,37.91,817.41,1.14
CUST0002,19,400,19,32.85,616.87,1.42
CUST0003,20,1015,24,78.04,1810.97,0.71
CUST0004,29,524,22,27.98,558.11,1.26
CUST0005,33,723,1,11.39,11.39,0.04
CUST0006,38,616,18,49.84,878.45,0.88
CUST0007,34,896,25,55.84,1584.05,0.84
CUST0008,55,337,15,15.0,223.46,1.34
CUST0009,34,1010,20,60.77,1452.81,0.59
CUST0010,39,893,17,97.08,1546.33,0.57
CUST0011,33,336,22,77.09,1560.89,1.96
CUST0012,29,1140,15,163.0,2494.66,0.39
CUST0013,35,571,26,100.57,2642.45,1.37
CUST0014,45,1072,23,22.96,513.58,0.64
CUST0015,24,480,25,31.12,874.02,1.56
CUST0016,18,838,22,31.56,632.15,0.79
CUST0017,25,784,16,62.86,1111.87,0.61
CUST0018,43,393,20,15.75,306.64,1.53
CUST0019,25,481,21,15.83,357.03,1.31
CUST0020,38,663,18,51.52,1000.52,0.81
CUST0021,50,929,28,25.44,791.89,0.9
CUST0022,42,1008,21,47.05,918.62,0.62
CUST0023,18,411,16,46.9,749.32,1.17
CUST0024,38,995,24,17.72,399.69,0.72
CUST0025,29,720,19,19.12,349.06,0.79
CUST0026,33,814,16,43.77,778.4,0.59
CUST0027,23,391,22,56.42,1231.17,1.69
CUST0028,37,702,21,19.68,410.85,0.9
CUST0029,43,563,19,27.79,452.65,1.01
CUST0030,30,1283,31,74.84,1943.65,0.72
CUST0031,21,700,24,37.19,795.47,1.03
CUST0032,23,583,27,34.98,872.7,1.39
CUST0033,52,858,20,113.9,2535.52,0.7
CUST0034,33,458,23,32.84,725.25,1.51
CUST0035,28,240,16,36.22,630.37,2.0
CUST0036,43,1013,21,17.32,353.64,0.62
CUST0037,27,368,13,42.3,450.91,1.06
CUST0038,31,324,17,26.11,412.25,1.57
CUST0039,24,610,20,15.0,323.59,0.98
CUST0040,38,910,21,36.11,658.08,0.69
CUST0041,35,616,14,95.0,1392.24,0.68
CUST0042,49,590,16,49.97,828.31,0.81
CUST0043,34,889,19,84.54,1589.38,0.64
CUST0044,29,961,18,76.75,1269.02,0.56
CUST0045,23,523,20,46.11,905.62,1.15
CUST0046,40,500,20,77.1,1505.85,1.2
CUST0047,27,992,27,49.82,1405.45,0.82
CUST0048,34,177,25,48.32,1141.08,4.24
CUST0049,28,459,19,21.21,340.21,1.24
CUST0050,50,1332,16,38.66,617.71,0.36
CUST0051,24,321,18,2725.14,48663.77,1.68
CUST0052,18,621,18,37.99,638.03,0.87
CUST0053,35,626,24,104.02,2794.86,1.15
CUST0054,31,670,23,41.58,1049.32,1.03
CUST0055,30,1020,13,92.4,1086.58,0.38
CUST0056,42,635,21,73.34,1662.24,0.99
CUST0057,41,631,42,212.96,9479.33,2.0
CUST0058,40,331,22,59.83,1111.36,1.99
CUST0059,53,724,16,38.4,634.66,0.66
CUST0060,28,290,13,16.34,179.42,1.34
CUST0061,46,490,116,50.06,6000.88,7.1
CUST0062,29,878,25,36.99,1053.48,0.85
CUST0063,39,662,16,72.5,1296.68,0.73
CUST0064,18,1085,24,28.35,687.23,0.66
CUST0065,28,937,20,60.13,1144.47,0.64
CUST0066,40,1394,20,36.99,759.42,0.43
CUST0067,44,384,13,31.74,460.29,1.02
CUST0068,34,1216,19,68.99,1241.76,0.47
CUST0069,24,497,18,49.57,813.83,1.09
CUST0070,45,890,20,35.37,684.47,0.67
CUST0071,51,1247,94,41.17,3915.53,2.26
CUST0072,18,1108,18,30.73,538.18,0.49
CUST0073,36,752,20,17.86,355.08,0.8
CUST0074,40,654,20,41.3,913.21,0.92
CUST0075,39,471,21,84.89,1937.37,1.34
CUST0076,20,1107,27,43.38,1085.72,0.73
CUST0077,38,297,25,78.13,1938.57,2.53
CUST0078,36,1122,15,34.55,486.39,0.4
CUST0079,32,386,21,93.19,1884.56,1.63
CUST0080,44,558,18,59.56,883.34,0.97
CUST0081,44,837,19,47.15,719.35,0.68
CUST0082,31,334,22,32.57,747.9,1.98
CUST0083,51,651,20,22.41,457.9,0.92
CUST0084,24,673,20,138.8,2706.7,0.89
CUST0085,56,925,22,31.61,636.4,0.71
CUST0086,24,397,34,51.17,1765.98,2.57
CUST0087,50,328,1,6.37,6.37,0.09
CUST0088,24,333,20,24.94,483.39,1.8
CUST0089,41,569,21,46.06,1121.32,1.11
CUST0090,44,1320,20,26.82,523.77,0.45
CUST0091,29,1278,9,37.43,313.04,0.21
CUST0092,43,523,19,95.89,1747.41,1.09
CUST0093,26,783,24,60.86,1518.31,0.92
CUST0094,30,496,33,41.57,1173.4,2.0
CUST0095,37,401,21,19.09,446.84,1.57
CUST0096,37,994,109,653.08,73064.05,3.29
CUST0097,40,510,15,38.07,602.71,0.88
CUST0098,42,282,11,52.98,529.13,1.17
CUST0099,63,531,22,15.0,311.15,1.24
CUST0100,44,557,17,91.23,1891.83,0.92
CUST0101,37,607,22,50.72,1161.89,1.09
CUST0102,35,669,26,20.08,567.16,1.17
CUST0103,35,333,16,63.29,1107.25,1.44
CUST0104,38,812,25,47.87,1219.91,0.92
CUST0105,29,1913,16,34.71,511.82,0.25
CUST0106,53,817,25,73.01,1836.25,0.92
CUST0107,38,1331,14,47.1,663.14,0.32
CUST0108,26,525,24,48.15,1166.62,1.37
CUST0109,27,1583,20,21.7,423.83,0.38
CUST0110,44,337,30,32.9,1041.89,2.67
CUST0111,39,665,19,36.56,612.92,0.86
CUST0112,29,926,17,20.02,352.19,0.55
CUST0113,26,376,18,25.15,449.09,1.44
CUST0114,26,1287,12,23.46,302.05,0.28
CUST0115,39,474,14,56.94,796.76,0.89
CUST0116,32,1035,15,15.0,190.35,0.43
CUST0117,18,1206,18,75.83,1269.67,0.45
CUST0118,39,246,20,28.9,505.97,2.44
CUST0119,18,349,15,38.47,607.1,1.29
CUST0120,28,447,15,53.95,793.52,1.01
CUST0121,50,680,25,55.06,1408.13,1.1
CUST0122,42,755,19,98.98,1970.05,0.75
CUST0123,18,725,10,49.84,510.96,0.41
CUST0124,27,370,21,46.33,904.13,1.7
CUST0125,25,1075,23,63.68,1339.8,0.64
CUST0126,44,1375,15,56.08,839.98,0.33
CUST0127,38,1001,25,60.46,1497.53,0.75
CUST0128,48,164,13,158.56,2174.01,2.38
CUST0129,42,377,19,75.19,1356.99,1.51
CUST0130,41,404,25,47.79,1167.69,1.86
CUST0131,24,227,17,31.25,494.81,2.25
CUST0132,30,1535,20,80.99,1787.83,0.39
CUST0133,30,441,18,20.02,334.34,1.22
CUST0134,20,652,23,77.88,1936.2,1.06
CUST0135,48,1013,20,39.75,885.32,0.59
CUST0136,38,863,25,26.06,633.14,0.87
CUST0137,18,527,21,15.0,305.39,1.2
CUST0138,44,676,23,21.42,453.57,1.02
CUST0139,26,411,16,19.79,318.98,1.17
CUST0140,42,706,18,26.64,474.81,0.76
CUST0141,28,1426,2,6.84,13.69,0.04
CUST0142,23,545,24,23.0,634.48,1.32
CUST0143,23,759,21,28.68,578.09,0.83
CUST0144,18,913,19,22.24,446.83,0.62
CUST0145,27,821,23,25.36,557.91,0.84
CUST0146,18,949,21,59.54,1351.13,0.66
CUST0147,39,1047,14,34.85,601.97,0.4
CUST0148,26,325,13,23.27,309.62,1.2
CUST0149,31,1413,21,46.4,852.94,0.45
CUST0150,38,1135,15,39.48,646.47,0.4
CUST0151,21,752,21,59.63,1299.9,0.84
CUST0152,18,625,19,81.72,1479.28,0.91
CUST0153,52,1037,13,73.95,1025.43,0.38
CUST0154,18,940,27,38.56,1166.58,0.86
CUST0155,25,537,20,29.88,527.99,1.12
CUST0156,39,1408,21,40.36,740.68,0.45
CUST0157,38,605,20,66.56,1236.35,0.99
CUST0158,31,396,20,178.01,3840.43,1.52
CUST0159,21,488,23,32.95,765.51,1.41
CUST0160,47,981,122,1207.12,144643.63,3.73
CUST0161,41,420,17,37.2,665.18,1.21
CUST0162,34,340,19,95.28,2025.87,1.68
CUST0163,33,446,21,57.81,1450.77,1.41
CUST0164,44,648,16,45.46,777.47,0.74
CUST0165,48,1348,20,82.19,1538.0,0.45
CUST0166,36,979,17,31.26,465.41,0.52
CUST0167,36,520,16,29.78,579.01,0.92
CUST0168,42,634,15,26.42,410.05,0.71
CUST0169,18,1190,16,74.57,1345.56,0.4
CUST0170,52,292,21,76.14,1474.44,2.16
CUST0171,23,877,135,52.33,7192.84,4.62
CUST0172,33,950,15,33.69,485.89,0.47
CUST0173,41,714,24,54.56,1449.34,1.01
CUST0174,33,786,22,23.41,581.45,0.84
CUST0175,48,419,21,46.07,1087.97,1.5
CUST0176,56,700,15,23.18,289.59,0.64
CUST0177,36,1098,26,69.07,1727.03,0.71
CUST0178,42,1536,20,73.54,1465.46,0.39
CUST0179,41,846,8,35.96,302.84,0.28
CUST0180,47,562,17,30.56,519.55,0.91
CUST0181,35,804,22,50.95,1127.17,0.82
CUST0182,34,1301,20,70.8,1532.19,0.46
CUST0183,32,1020,20,25.06,532.35,0.59
CUST0184,36,438,20,24.86,528.76,1.37
CUST0185,45,469,13,29.99,373.96,0.83
CUST0186,24,524,13,39.57,501.5,0.74
CUST0187,43,824,21,102.32,2335.16,0.76
CUST0188,33,626,19,102.1,1842.92,0.91
CUST0189,32,765,2,12.87,25.74,0.08
CUST0190,18,1654,11,85.63,873.62,0.2
CUST0191,25,1328,18,81.32,1577.31,0.41
CUST0192,45,698,14,61.77,871.81,0.6
CUST0193,29,1053,21,41.69,796.68,0.6
CUST0194,50,923,17,33.13,528.9,0.55
CUST0195,25,1329,25,31.35,769.21,0.56
CUST0196,21,211,11,53.6,566.31,1.56
CUST0197,37,407,14,26.81,384.01,1.03
CUST0198,24,1995,19,54.79,917.31,0.29
CUST0199,39,465,15,15.0,214.06,0.97
CUST0200,45,624,32,18.12,639.34,1.54
CUST0201,39,685,19,64.57,1271.07,0.83
CUST0202,35,256,19,26.71,475.49,2.23
CUST0203,25,957,18,32.37,606.55,0.56
CUST0204,40,644,15,51.09,802.25,0.7
CUST0205,40,202,25,18.12,497.23,3.71
CUST0206,32,1020,22,37.55,815.58,0.65
CUST0207,33,729,19,39.77,749.31,0.78
CUST0208,29,383,20,35.01,659.45,1.57
CUST0209,37,527,22,15.0,328.1,1.25
CUST0210,35,615,18,15.0,261.88,0.88
CUST0211,33,1048,20,41.23,819.73,0.57
CUST0212,39,434,18,103.66,1642.64,1.24
CUST0213,41,1679,17,40.3,665.91,0.3
CUST0214,39,564,13,21.0,257.47,0.69
CUST0215,36,1338,13,31.02,419.05,0.29
CUST0216,33,468,25,49.37,1187.96,1.6
CUST0217,44,536,143,87.75,12991.93,8.0
CUST0218,36,473,22,18.23,389.1,1.4
CUST0219,46,848,132,34.8,4663.43,4.67
CUST0220,41,1232,22,21.93,469.04,0.54
CUST0221,53,527,18,156.06,2964.3,1.02
CUST0222,35,626,15,66.17,978.48,0.72
CUST0223,35,495,23,27.35,646.53,1.39
CUST0224,40,677,19,20.72,346.0,0.84
CUST0225,39,1327,21,20.31,444.85,0.47
CUST0226,35,2231,14,59.58,803.13,0.19
CUST0227,37,768,18,68.87,1174.61,0.7
CUST0228,42,663,22,53.47,1291.91,1.0
CUST0229,36,585,19,31.95,630.9,0.97
CUST0230,22,938,13,43.32,533.73,0.42
CUST0231,27,349,23,71.04,1516.64,1.98
CUST0232,51,690,17,141.68,2504.01,0.74
CUST0233,29,663,18,22.52,368.87,0.81
CUST0234,34,864,21,39.29,691.75,0.73
CUST0235,32,658,21,114.53,2649.31,0.96
CUST0236,32,450,26,28.07,634.73,1.73
CUST0237,35,543,22,23.89,540.54,1.22
CUST0238,46,196,19,42.74,921.47,2.91
CUST0239,36,1709,21,71.19,1417.92,0.37
CUST0240,31,533,22,3653.78,82062.22,1.24
CUST0241,36,734,19,123.76,2675.42,0.78
CUST0242,41,1484,16,31.1,475.42,0.32
CUST0243,19,1130,19,34.55,712.17,0.5
CUST0244,52,221,16,84.44,1316.02,2.17
CUST0245,23,1375,23,38.07,877.17,0.5
CUST0246,38,1314,25,23.16,617.96,0.57
CUST0247,50,745,12,15.0,201.31,0.48
CUST0248,44,451,21,58.14,1164.79,1.4
CUST0249,47,1283,15,15.0,203.4,0.35
CUST0250,42,235,20,63.44,1347.24,2.55
CUST0251,32,361,17,60.92,912.36,1.41
CUST0252,57,403,9,28.64,250.87,0.67
CUST0253,70,325,18,45.46,826.45,1.66
CUST0254,44,695,23,92.52,2096.49,0.99
CUST0255,40,78,26,80.95,2366.52,10.0
CUST0256,39,709,13,76.83,975.18,0.55
CUST0257,39,713,32,66.75,2198.92,1.35
CUST0258,37,354,29,76.74,2413.34,2.46
CUST0259,48,444,21,33.9,767.3,1.42
CUST0260,31,1004,16,45.54,743.5,0.48
CUST0261,53,907,19,42.37,812.43,0.63
CUST0262,29,998,26,50.48,1179.27,0.78
CUST0263,23,783,22,16.26,330.22,0.84
CUST0264,32,299,27,21.62,579.29,2.71
CUST0265,38,163,25,16.5,386.74,4.6
CUST0266,33,1562,14,23.36,334.47,0.27
CUST0267,38,599,20,64.24,1205.28,1.0
CUST0268,32,490,24,47.54,1129.08,1.47
CUST0269,30,884,23,37.63,884.1,0.78
CUST0270,32,645,15,84.94,1235.05,0.7
CUST0271,25,593,14,121.96,1728.55,0.71
CUST0272,28,782,28,55.44,1631.1,1.07
CUST0273,31,903,18,30.67,552.32,0.6
CUST0274,18,1367,17,55.29,971.71,0.37
CUST0275,51,390,14,152.19,1809.32,1.08
CUST0276,18,606,21,45.74,909.12,1.04
CUST0277,32,604,13,72.96,1018.2,0.65
CUST0278,39,489,22,20.66,476.81,1.35
CUST0279,36,571,14,57.04,868.07,0.74
CUST0280,46,694,23,95.34,2050.29,0.99
CUST0281,38,619,27,15.0,385.37,1.31
CUST0282,30,497,14,17.98,247.93,0.85
CUST0283,39,60,17,37.15,592.31,8.5
CUST0284,45,1343,21,61.9,1315.89,0.47
CUST0285,51,492,18,54.86,1018.57,1.1
CUST0286,34,578,20,105.57,1854.81,1.04
CUST0287,44,551,24,55.69,1422.31,1.31
CUST0288,37,744,20,96.19,1899.95,0.81
CUST0289,23,412,18,71.68,1283.09,1.31
CUST0290,18,730,25,21.11,621.52,1.03
CUST0291,28,568,90,1404.73,131452.98,4.75
CUST0292,24,524,27,39.26,1192.33,1.55
CUST0293,18,546,16,69.01,1058.48,0.88
CUST0294,36,1673,26,21.84,516.95,0.47
CUST0295,42,311,19,53.97,1070.13,1.83
CUST0296,40,898,20,72.78,1430.79,0.67
CUST0297,21,1414,18,26.3,514.29,0.38
CUST0298,26,1185,22,35.84,688.64,0.56
CUST0299,20,625,17,64.25,1109.2,0.82
CUST0300,32,1320,16,64.71,1113.33,0.36
CUST0301,31,1892,15,48.16,721.3,0.24
CUST0302,33,531,21,37.04,758.34,1.19
CUST0303,30,1049,19,43.37,945.06,0.54
CUST0304,47,2197,13,73.69,955.88,0.18
CUST0305,36,719,13,55.75,716.39,0.54
CUST0306,35,349,20,45.69,904.27,1.72
CUST0307,36,367,19,29.96,610.71,1.55
CUST0308,53,548,18,36.09,596.69,0.99
CUST0309,34,590,16,43.87,653.73,0.81
CUST0310,43,125,16,53.93,879.37,3.84
CUST0311,28,728,24,51.85,1368.32,0.99
CUST0312,47,460,19,28.38,559.06,1.24
CUST0313,38,1027,19,64.16,1432.46,0.56
CUST0314,20,1099,17,43.34,749.74,0.46
CUST0315,49,1272,19,91.2,1929.43,0.45
CUST0316,24,1583,17,38.82,620.58,0.32
CUST0317,27,907,24,59.2,1428.43,0.79
CUST0318,43,1014,16,29.48,402.42,0.47
CUST0319,45,1039,24,28.22,661.3,0.69
CUST0320,38,515,17,28.18,488.73,0.99
CUST0321,37,575,22,54.69,1371.81,1.15
CUST0322,35,697,25,98.95,2389.53,1.08
CUST0323,37,972,18,7183.27,131226.3,0.56
CUST0324,33,875,17,52.44,800.59,0.58
CUST0325,30,395,14,59.5,832.76,1.06
CUST0326,50,1156,15,54.95,834.86,0.39
CUST0327,36,1182,17,40.39,719.49,0.43
CUST0328,52,947,20,49.47,1018.54,0.63
CUST0329,54,688,19,66.26,1471.3,0.83
CUST0330,46,932,20,49.32,1068.61,0.64
CUST0331,43,407,21,18.03,393.75,1.55
CUST0332,27,610,22,42.82,1019.11,1.08
CUST0333,30,925,16,26.36,438.81,0.52
CUST0334,29,494,17,26.17,436.55,1.03
CUST0335,31,912,17,30.27,486.02,0.56
CUST0336,44,782,14,88.34,1201.88,0.54
CUST0337,24,722,12,17.81,189.33,0.5
CUST0338,44,722,20,39.56,727.17,0.83
CUST0339,49,417,28,19.79,544.53,2.01
CUST0340,43,381,17,38.39,670.46,1.34
CUST0341,47,834,23,22.81,608.03,0.83
CUST0342,18,439,19,39.27,767.19,1.3
CUST0343,38,408,20,20.4,397.37,1.47
CUST0344,41,1137,20,90.46,1847.0,0.53
CUST0345,39,770,22,19.67,467.48,0.86
CUST0346,39,679,16,40.77,682.93,0.71
CUST0347,36,549,19,39.56,743.24,1.04
CUST0348,35,818,20,28.54,586.39,0.73
CUST0349,36,813,13,70.53,806.14,0.48
CUST0350,47,1509,20,15.0,300.06,0.4
CUST0351,26,849,12,32.61,392.2,0.42
CUST0352,34,886,37,21.44,725.03,1.25
CUST0353,46,766,33,502.43,18222.19,1.29
CUST0354,35,345,28,38.0,1092.74,2.43
CUST0355,36,319,16,40.69,675.09,1.5
CUST0356,26,615,12,24.17,286.45,0.59
CUST0357,28,506,13,39.72,517.54,0.77
CUST0358,39,645,15,54.01,726.71,0.7
CUST0359,18,265,16,70.01,1322.06,1.81
CUST0360,27,923,24,15.0,383.49,0.78
CUST0361,39,603,24,49.47,1346.87,1.19
CUST0362,38,547,17,63.0,1071.26,0.93
CUST0363,39,723,23,44.19,1187.81,0.95
CUST0364,42,520,20,55.02,1104.44,1.15
CUST0365,19,653,18,77.83,1497.3,0.83
CUST0366,19,614,23,20.3,457.07,1.12
CUST0367,33,897,17,43.82,688.76,0.57
CUST0368,23,510,17,23.14,385.79,1.0
CUST0369,18,54,28,47.33,1196.76,15.56
CUST0370,34,779,21,50.58,1063.24,0.81
CUST0371,40,1223,27,22.25,621.53,0.66
CUST0372,42,1301,17,35.87,570.91,0.39
CUST0373,36,838,20,53.77,1060.51,0.72
CUST0374,31,542,20,18.54,391.64,1.11
CUST0375,52,608,19,215.15,4292.11,0.94
CUST0376,32,261,18,27.93,458.52,2.07
CUST0377,31,834,16,39.36,650.9,0.58
CUST0378,31,666,17,21.49,319.6,0.77
CUST0379,35,1115,14,42.04,593.08,0.38
CUST0380,34,304,24,75.89,1845.56,2.37
CUST0381,39,777,12,38.59,474.78,0.46
CUST0382,29,801,19,31.71,679.62,0.71
CUST0383,41,369,20,57.76,1152.29,1.63
CUST0384,45,1075,16,28.63,451.33,0.45
CUST0385,43,840,20,32.43,580.6,0.71
CUST0386,37,703,25,28.08,730.68,1.07
CUST0387,34,1261,17,26.75,508.82,0.4
CUST0388,54,514,15,15.0,205.23,0.88
CUST0389,38,762,2,9.96,19.91,0.08
CUST0390,54,331,22,57.04,1297.38,1.99
CUST0391,58,359,21,40.25,768.22,1.75
CUST0392,19,1171,19,30.79,628.8,0.49
CUST0393,48,1201,17,40.65,678.0,0.42
CUST0394,40,1071,19,28.46,581.89,0.53
CUST0395,29,696,19,6592.76,130480.25,0.82
CUST0396,45,402,21,59.55,1350.71,1.57
CUST0397,45,401,27,18.84,561.76,2.02
CUST0398,42,672,25,17.3,384.0,1.12
CUST0399,47,462,18,60.05,1064.05,1.17
CUST0400,38,433,15,37.92,604.84,1.04
CUST0401,38,791,19,43.51,760.66,0.72
CUST0402,55,795,27,38.23,1013.2,1.02
CUST0403,42,391,19,25.67,510.66,1.46
CUST0404,29,310,17,26.31,473.9,1.65
CUST0405,18,409,19,25.62,471.56,1.39
CUST0406,31,955,18,52.84,967.33,0.57
CUST0407,23,522,10,19.26,197.48,0.57
CUST0408,28,534,18,15.0,279.06,1.01
CUST0409,42,930,26,15.0,439.02,0.84
CUST0410,33,673,16,45.54,783.75,0.71
CUST0411,32,915,16,42.82,571.75,0.52
CUST0412,34,716,20,26.73,539.65,0.84
CUST0413,56,615,18,49.15,934.72,0.88
CUST0414,53,816,20,36.08,811.2,0.74
CUST0415,39,273,15,38.2,556.65,1.65
CUST0416,33,479,21,22.67,457.78,1.32
CUST0417,41,667,20,26.05,514.21,0.9
CUST0418,25,296,17,39.76,669.77,1.72
CUST0419,23,645,9,24.5,231.47,0.42
CUST0420,35,180,45,433.8,20683.33,7.5
CUST0421,29,575,21,17.47,327.92,1.1
CUST0422,32,240,19,19.01,409.5,2.38
CUST0423,36,1106,25,34.03,845.11,0.68
CUST0424,35,389,2,7.16,14.32,0.15
CUST0425,41,917,15,63.05,988.29,0.49
CUST0426,27,310,16,52.54,758.6,1.55
CUST0427,36,1033,18,45.67,723.71,0.52
CUST0428,38,1060,17,49.09,828.37,0.48
CUST0429,44,315,21,69.48,1361.47,2.0
CUST0430,36,218,22,57.47,1376.88,3.03
CUST0431,24,1459,22,36.04,872.89,0.45
CUST0432,18,252,25,91.11,2291.84,2.98
CUST0433,31,322,18,15.0,281.51,1.68
CUST0434,19,725,29,44.09,1359.52,1.2
CUST0435,32,710,18,88.92,1633.2,0.76
CUST0436,34,907,16,21.0,381.98,0.53
CUST0437,24,704,18,21.42,394.41,0.77
CUST0438,36,438,21,7494.01,156514.45,1.44
CUST0439,39,1016,29,55.8,1580.32,0.86
CUST0440,23,666,22,15.0,348.76,0.99
CUST0441,31,858,22,33.48,608.7,0.77
CUST0442,29,1008,20,17.53,330.08,0.6
CUST0443,18,1348,14,59.31,901.14,0.31
CUST0444,25,252,21,19.58,404.67,2.5
CUST0445,36,1426,31,53.78,1910.08,0.65
CUST0446,33,673,17,28.28,495.21,0.76
CUST0447,40,418,22,62.71,1305.53,1.58
CUST0448,21,724,12,52.66,555.55,0.5
CUST0449,29,559,29,29.31,893.61,1.56
CUST0450,24,702,22,88.57,2148.74,0.94
CUST0451,28,545,27,31.52,878.96,1.49
CUST0452,28,572,70,654.7,46845.58,3.67
CUST0453,35,1072,21,30.93,662.08,0.59
CUST0454,38,1573,18,29.35,537.22,0.34
CUST0455,38,945,15,29.67,440.82,0.48
CUST0456,29,762,24,19.57,447.12,0.94
CUST0457,37,1114,19,52.39,997.99,0.51
CUST0458,27,234,18,19.63,352.85,2.31
CUST0459,35,486,126,26.99,3421.66,7.78
CUST0460,47,444,19,57.65,1166.89,1.28
CUST0461,49,1357,18,23.87,364.02,0.4
CUST0462,38,684,21,21.27,397.63,0.92
CUST0463,23,560,16,27.5,483.83,0.86
CUST0464,38,313,19,42.75,791.18,1.82
CUST0465,53,899,19,85.25,1612.88,0.63
CUST0466,43,360,14,45.75,633.06,1.17
CUST0467,40,352,31,523.43,16300.78,2.64
CUST0468,37,506,28,18.73,541.51,1.66
CUST0469,33,444,14,15.0,211.64,0.95
CUST0470,23,490,20,40.24,852.12,1.22
CUST0471,32,911,27,54.5,1448.96,0.89
CUST0472,25,762,18,46.42,953.24,0.71
CUST0473,40,279,19,63.44,1305.85,2.04
CUST0474,44,896,14,35.11,430.98,0.47
CUST0475,32,550,19,69.42,1432.69,1.04
CUST0476,27,200,13,25.58,383.97,1.95
CUST0477,27,810,14,52.37,768.53,0.52
CUST0478,33,1358,16,17.19,271.36,0.35
CUST0479,42,272,14,69.22,861.97,1.54
CUST0480,37,1384,20,75.55,1390.58,0.43
CUST0481,18,299,23,53.21,1307.51,2.31
CUST0482,29,1437,16,53.73,814.01,0.33
CUST0483,53,735,14,49.77,630.91,0.57
CUST0484,36,527,20,23.27,487.72,1.14
CUST0485,37,1223,21,29.46,596.14,0.52
CUST0486,37,833,17,37.72,653.79,0.61
CUST0487,26,840,27,96.2,2567.9,0.96
CUST0488,18,961,23,40.54,885.59,0.72
CUST0489,42,480,11,61.08,705.21,0.69
CUST0490,18,1397,25,37.27,935.69,0.54
CUST0491,39,248,110,54.59,6152.75,13.31
CUST0492,33,776,15,26.79,439.67,0.58
CUST0493,34,591,20,61.86,1045.87,1.02
CUST0494,19,881,15,41.3,538.05,0.51
CUST0495,36,1054,18,53.09,866.87,0.51
CUST0496,23,850,21,24.23,450.3,0.74
CUST0497,23,300,25,15.0,350.47,2.5
CUST0498,25,402,26,37.52,846.34,1.94
CUST0499,31,1013,19,21.85,356.25,0.56
CUST0500,27,732,21,58.59,1132.0,0.86
CUST0501,34,555,17,34.27,554.52,0.92
CUST0502,45,327,19,42.83,731.89,1.74
CUST0503,39,520,10,102.83,861.57,0.58
CUST0504,27,686,20,17.98,339.03,0.87
CUST0505,44,797,21,20.54,450.01,0.79
CUST0506,29,393,18,18.62,373.18,1.37
CUST0507,27,788,18,16.15,271.11,0.69
CUST0508,50,704,14,30.36,390.24,0.6
CUST0509,36,770,26,46.09,1164.19,1.01
CUST0510,24,376,15,22.08,299.05,1.2
CUST0511,43,2000,14,47.86,665.27,0.21
CUST0512,39,699,13,38.03,534.98,0.56
CUST0513,43,397,27,15.0,414.63,2.04
CUST0514,40,753,16,15.0,237.11,0.64
CUST0515,22,750,25,40.33,964.21,1.0
CUST0516,30,659,20,93.12,1832.07,0.91
CUST0517,48,1334,18,20.89,383.81,0.4
CUST0518,28,401,22,33.73,644.42,1.65
CUST0519,30,372,22,26.12,547.66,1.77
CUST0520,28,896,16,31.02,499.52,0.54
CUST0521,27,555,12,40.3,469.09,0.65
CUST0522,39,1270,23,35.1,757.83,0.54
CUST0523,37,645,1,6.35,6.35,0.05
CUST0524,35,153,12,57.84,662.66,2.35
CUST0525,35,234,24,41.8,1081.59,3.08
CUST0526,28,456,27,25.52,697.3,1.78
CUST0527,41,492,17,50.19,899.13,1.04
CUST0528,47,524,19,34.3,619.11,1.09
CUST0529,42,372,23,95.46,2060.68,1.85
CUST0530,27,792,15,50.21,747.31,0.57
CUST0531,39,430,15,51.67,714.7,1.05
CUST0532,36,574,15,29.58,448.19,0.78
CUST0533,32,743,19,15.0,298.33,0.77
CUST0534,23,840,16,4206.89,68225.93,0.57
CUST0535,30,269,20,94.25,1884.23,2.23
CUST0536,36,449,1,10.61,10.61,0.07
CUST0537,30,484,22,82.89,1773.12,1.36
CUST0538,26,1070,16,81.22,1306.87,0.45
CUST0539,33,1036,13,26.36,329.96,0.38
CUST0540,32,922,21,44.61,956.45,0.68
CUST0541,26,809,21,55.4,1061.06,0.78
CUST0542,40,1071,23,86.06,2055.58,0.64
CUST0543,41,1264,27,15.0,428.44,0.64
CUST0544,39,1110,18,46.09,909.36,0.49
CUST0545,22,325,107,523.96,56996.81,9.88
CUST0546,47,606,14,15.0,209.32,0.69
CUST0547,45,611,15,64.53,1155.78,0.74
CUST0548,21,339,19,61.92,1114.43,1.68
CUST0549,33,1012,21,19.54,408.97,0.62
CUST0550,47,1333,19,62.37,1157.46,0.43
CUST0551,46,1059,24,42.52,1085.61,0.68
CUST0552,18,353,16,15.39,244.64,1.36
CUST0553,29,892,20,79.29,1646.75,0.67
CUST0554,27,540,16,18.15,315.73,0.89
CUST0555,31,447,16,19.45,320.13,1.07
CUST0556,36,248,22,57.99,1203.86,2.66
CUST0557,48,316,22,114.78,2503.69,2.09
CUST0558,38,1334,18,79.32,1267.26,0.4
CUST0559,38,598,17,33.34,605.56,0.85
CUST0560,26,508,18,25.81,507.07,1.06
CUST0561,42,386,22,39.29,785.6,1.71
CUST0562,38,478,13,15.0,177.93,0.82
CUST0563,33,874,16,16.9,290.13,0.55
CUST0564,40,875,19,79.95,1640.14,0.65
CUST0565,31,1123,18,51.6,968.94,0.48
CUST0566,21,914,17,26.36,535.6,0.56
CUST0567,24,59,15,51.55,811.66,7.63
CUST0568,49,741,18,38.0,738.18,0.73
CUST0569,38,975,20,51.85,1166.97,0.62
CUST0570,38,1152,17,39.49,640.34,0.44
CUST0571,61,1087,19,3792.42,73332.45,0.52
CUST0572,27,987,24,55.7,1324.27,0.73
CUST0573,33,516,17,21.53,343.04,0.99
CUST0574,31,729,22,23.89,570.08,0.91
CUST0575,26,504,19,24.03,526.26,1.13
CUST0576,38,716,16,76.29,1120.47,0.67
CUST0577,33,1069,24,25.62,654.11,0.67
CUST0578,39,666,14,56.24,824.24,0.63
CUST0579,18,1263,11,49.49,502.42,0.26
CUST0580,41,769,23,23.19,551.07,0.9
CUST0581,43,673,16,86.44,1391.74,0.71
CUST0582,45,580,14,54.75,737.58,0.72
CUST0583,32,521,22,24.6,530.65,1.27
CUST0584,38,658,14,35.13,459.58,0.64
CUST0585,26,369,27,58.13,1685.03,2.2
CUST0586,18,1206,18,43.23,877.96,0.45
CUST0587,54,1022,18,20.85,414.8,0.53
CUST0588,38,638,12,139.74,1610.23,0.56
CUST0589,36,1126,18,56.0,984.02,0.48
CUST0590,44,229,16,47.67,673.09,2.1
CUST0591,23,1465,16,58.27,975.1,0.33
CUST0592,27,484,22,62.39,1391.52,1.36
CUST0593,51,605,24,37.44,855.42,1.19
CUST0594,40,1261,23,37.57,909.24,0.55
CUST0595,57,666,18,147.76,2879.11,0.81
CUST0596,39,649,26,15.0,438.0,1.2
CUST0597,53,1258,23,63.95,1179.67,0.55
CUST0598,36,721,26,22.55,544.27,1.08
CUST0599,38,1021,21,21.69,464.83,0.62
CUST0600,32,659,21,31.3,641.28,0.96
CUST0601,41,1346,18,69.27,1345.94,0.4
CUST0602,35,449,21,59.46,1214.04,1.4
CUST0603,25,507,17,21.5,334.75,1.01
CUST0604,27,996,7,80.98,482.01,0.21
CUST0605,42,363,110,750.07,83989.58,9.09
CUST0606,25,813,19,16.7,310.91,0.7
CUST0607,32,401,22,64.81,1479.24,1.65
CUST0608,25,1196,16,47.48,788.22,0.4
CUST0609,39,398,18,15.0,259.47,1.36
CUST0610,32,491,22,68.44,1615.8,1.34
CUST0611,48,1244,13,58.44,665.82,0.31
CUST0612,37,626,16,28.33,414.01,0.77
CUST0613,43,856,22,15.0,310.14,0.77
CUST0614,25,753,20,46.71,930.63,0.8
CUST0615,42,1378,14,59.21,933.07,0.3
CUST0616,18,1076,16,63.03,855.2,0.45
CUST0617,45,786,19,25.8,551.36,0.73
CUST0618,36,812,23,38.17,859.74,0.85
CUST0619,45,497,17,45.78,829.7,1.03
CUST0620,18,349,18,27.86,579.84,1.55
CUST0621,34,875,17,26.78,490.97,0.58
CUST0622,18,858,17,28.54,522.49,0.59
CUST0623,32,488,22,26.85,555.01,1.35
CUST0624,29,579,18,34.6,552.32,0.93
CUST0625,25,890,16,27.66,433.24,0.54
CUST0626,19,1256,16,19.34,291.05,0.38
CUST0627,41,455,12,40.77,507.24,0.79
CUST0628,42,1132,18,52.84,944.95,0.48
CUST0629,33,683,49,643.76,30376.59,2.15
CUST0630,44,389,15,20.58,293.99,1.16
CUST0631,36,479,27,55.34,1800.27,1.69
CUST0632,33,1026,14,68.06,968.53,0.41
CUST0633,31,449,23,43.46,877.0,1.54
CUST0634,47,766,22,56.02,1306.14,0.86
CUST0635,29,616,23,36.89,896.73,1.12
CUST0636,38,1206,16,15.58,261.98,0.4
CUST0637,34,253,20,38.14,754.6,2.37
CUST0638,28,825,15,42.31,636.01,0.55
CUST0639,40,798,13,15.0,191.61,0.49
CUST0640,22,1507,18,46.62,822.03,0.36
CUST0641,38,894,27,64.35,1861.33,0.91
CUST0642,18,1186,17,62.61,947.72,0.43
CUST0643,23,1072,18,59.16,1055.38,0.5
CUST0644,29,545,18,25.57,541.03,0.99
CUST0645,37,903,24,27.15,647.44,0.8
CUST0646,44,509,16,57.44,991.17,0.94
CUST0647,27,403,15,54.67,830.81,1.12
CUST0648,35,948,17,38.96,697.56,0.54
CUST0649,29,426,16,44.85,712.82,1.13
CUST0650,37,484,21,65.2,1401.45,1.3
CUST0651,46,593,22,28.51,674.65,1.11
CUST0652,54,250,12,69.59,837.3,1.44
CUST0653,44,533,12,23.67,281.23,0.68
CUST0654,43,1348,21,31.3,647.89,0.47
CUST0655,23,1450,116,1124.19,130299.38,2.4
CUST0656,38,276,21,79.26,1663.85,2.28
CUST0657,29,1089,19,36.39,704.69,0.52
CUST0658,33,756,27,24.45,638.42,1.07
CUST0659,47,792,11,43.28,405.76,0.42
CUST0660,34,125,23,42.3,846.01,5.52
CUST0661,30,180,15,15.0,207.56,2.5
CUST0662,25,496,21,61.14,1272.23,1.27
CUST0663,34,278,13,51.15,708.78,1.4
CUST0664,34,874,20,41.93,772.08,0.69
CUST0665,50,878,20,55.26,1189.94,0.68
CUST0666,28,371,23,61.66,1496.47,1.86
CUST0667,44,381,12,33.59,405.72,0.94
CUST0668,51,604,12,4972.0,61086.89,0.6
CUST0669,31,828,22,197.0,4632.86,0.8
CUST0670,18,722,17,69.01,1332.59,0.71
CUST0671,31,326,22,60.34,1201.24,2.02
CUST0672,51,800,23,186.89,4512.38,0.86
CUST0673,34,761,20,39.14,752.39,0.79
CUST0674,38,571,20,111.33,2119.07,1.05
CUST0675,48,400,22,35.31,772.37,1.65
CUST0676,37,421,22,37.76,759.05,1.57
CUST0677,18,1134,13,44.77,595.4,0.34
CUST0678,51,1204,10,16.96,158.78,0.25
CUST0679,24,858,23,31.6,693.33,0.8
CUST0680,42,836,25,31.09,789.51,0.9
CUST0681,42,196,19,44.53,792.53,2.91
CUST0682,39,257,35,514.95,17404.62,4.09
CUST0683,20,730,21,35.14,706.77,0.86
CUST0684,45,929,18,48.08,737.48,0.58
CUST0685,32,1190,14,19.66,273.91,0.35
CUST0686,18,373,20,15.31,293.67,1.61
CUST0687,28,1295,18,44.11,829.86,0.42
CUST0688,27,489,17,31.19,609.45,1.04
CUST0689,39,975,19,55.82,1158.99,0.58
CUST0690,20,517,16,37.77,634.8,0.93
CUST0691,18,667,17,52.1,817.94,0.76
CUST0692,39,596,19,33.67,591.38,0.96
CUST0693,50,440,18,15.0,274.81,1.23
CUST0694,40,691,50,303.2,15998.51,2.17
CUST0695,29,188,25,15.0,372.51,3.99
CUST0696,32,749,18,54.59,820.23,0.72
CUST0697,34,850,24,15.0,373.14,0.85
CUST0698,36,1076,20,62.58,1204.79,0.56
CUST0699,45,814,15,76.32,1239.57,0.55
CUST0700,27,559,21,36.9,823.64,1.13
CUST0701,49,924,27,29.45,784.28,0.88
CUST0702,53,500,24,18.64,451.99,1.44
CUST0703,38,904,20,86.12,1787.58,0.66
CUST0704,59,1134,18,34.3,679.25,0.48
CUST0705,40,468,28,62.9,1676.12,1.79
CUST0706,39,687,24,33.78,974.16,1.05
CUST0707,57,401,14,15.0,210.55,1.05
CUST0708,29,1928,25,20.71,474.72,0.39
CUST0709,56,362,102,583.5,60831.98,8.45
CUST0710,28,542,23,72.49,1833.6,1.27
CUST0711,39,814,20,37.83,828.22,0.74
CUST0712,46,601,13,41.94,516.34,0.65
CUST0713,35,1006,22,52.71,1112.93,0.66
CUST0714,36,447,22,51.58,1102.53,1.48
CUST0715,26,499,18,73.94,1262.56,1.08
CUST0716,38,1064,20,57.39,1256.93,0.56
CUST0717,47,1244,25,32.12,762.06,0.6
CUST0718,39,890,15,37.64,611.01,0.51
CUST0719,49,1404,17,55.22,920.64,0.36
CUST0720,36,640,16,38.56,660.71,0.75
CUST0721,44,924,19,15.0,301.71,0.62
CUST0722,36,841,19,37.29,622.17,0.68
CUST0723,55,673,16,15.0,279.88,0.71
CUST0724,32,184,20,27.67,636.6,3.26
CUST0725,39,1524,21,64.23,1236.98,0.41
CUST0726,47,353,28,20.2,611.81,2.38
CUST0727,22,340,15,69.13,1156.94,1.32
CUST0728,51,615,21,16.02,337.5,1.02
CUST0729,43,522,22,22.86,451.75,1.26
CUST0730,40,928,17,44.05,728.36,0.55
CUST0731,42,407,14,72.97,1052.76,1.03
CUST0732,44,943,112,574.55,65137.54,3.56
CUST0733,34,528,19,49.46,1091.69,1.08
CUST0734,41,269,26,41.15,1108.51,2.9
CUST0735,26,706,12,35.58,411.19,0.51
CUST0736,33,729,13,18.23,270.26,0.53
CUST0737,42,1074,15,29.02,372.9,0.42
CUST0738,33,668,11,7991.29,84622.32,0.49
CUST0739,47,837,12,38.04,463.0,0.43
CUST0740,28,295,14,31.94,421.6,1.42
CUST0741,29,922,16,59.36,1000.69,0.52
CUST0742,35,742,16,25.82,386.08,0.65
CUST0743,29,1387,21,53.49,1115.46,0.45
CUST0744,52,343,28,35.91,1021.31,2.45
CUST0745,49,696,21,34.39,714.07,0.91
CUST0746,18,582,26,23.07,521.57,1.34
CUST0747,42,343,18,66.17,1303.95,1.57
CUST0748,34,597,19,94.64,1798.27,0.95
CUST0749,36,1007,22,135.01,3233.2,0.66
CUST0750,29,564,21,37.65,889.91,1.12
CUST0751,41,598,19,86.18,1657.37,0.95
CUST0752,37,937,9,21.82,144.91,0.29
CUST0753,44,1031,28,32.42,1039.3,0.81
CUST0754,28,431,16,61.5,1047.17,1.11
CUST0755,23,325,20,35.16,719.61,1.85
CUST0756,31,249,24,36.8,794.42,2.89
CUST0757,21,1236,16,54.45,824.35,0.39
CUST0758,29,890,20,44.03,833.61,0.67
CUST0759,48,1082,21,16.5,328.75,0.58
CUST0760,34,929,12,41.27,477.5,0.39
CUST0761,37,492,19,56.27,997.68,1.16
CUST0762,51,509,19,91.92,1766.08,1.12
CUST0763,53,678,25,17.16,463.11,1.11
CUST0764,33,483,19,44.95,881.79,1.18
CUST0765,32,1377,19,43.2,838.73,0.41
CUST0766,35,209,23,51.25,1029.04,3.3
CUST0767,27,734,19,36.3,664.15,0.78
CUST0768,43,822,22,26.07,583.95,0.8
CUST0769,35,521,11,51.42,542.65,0.63
CUST0770,34,325,20,80.23,1544.39,1.85
CUST0771,34,1876,2,8.61,17.22,0.03
CUST0772,29,452,18,41.9,797.03,1.19
CUST0773,40,653,17,50.04,857.81,0.78
CUST0774,19,564,18,80.93,1373.89,0.96
CUST0775,27,564,20,37.67,689.35,1.06
CUST0776,18,210,24,36.31,952.97,3.43
CUST0777,19,421,24,15.0,341.37,1.71
CUST0778,22,1849,24,24.02,586.97,0.39
CUST0779,31,296,15,68.57,1072.47,1.52
CUST0780,29,429,19,117.02,2359.33,1.33
CUST0781,48,143,16,21.56,323.32,3.36
CUST0782,36,712,17,60.63,920.91,0.72
CUST0783,31,1131,12,37.85,418.25,0.32
CUST0784,30,552,20,46.23,978.45,1.09
CUST0785,24,669,20,40.96,779.25,0.9
CUST0786,36,491,19,34.15,658.32,1.16
CUST0787,44,740,20,54.66,1130.05,0.81
CUST0788,49,243,20,32.23,726.24,2.47
CUST0789,53,525,19,48.34,999.66,1.09
CUST0790,31,1571,18,33.77,580.05,0.34
CUST0791,25,1915,15,63.12,913.85,0.23
CUST0792,41,771,16,19.89,283.58,0.62
CUST0793,37,353,17,25.88,458.37,1.44
CUST0794,39,530,19,29.33,502.99,1.08
CUST0795,48,1016,23,54.51,1355.13,0.68
CUST0796,44,422,17,18.8,325.98,1.21
CUST0797,40,306,17,122.38,2220.87,1.67
CUST0798,36,311,25,58.03,1404.27,2.41
CUST0799,22,157,14,128.04,1717.03,2.68
CUST0800,38,858,24,90.11,2214.5,0.84
CUST0801,31,502,19,40.68,812.88,1.14
CUST0802,36,178,22,81.58,1490.79,3.71
CUST0803,30,884,19,33.75,579.04,0.64
CUST0804,45,1121,25,15.0,342.32,0.67
CUST0805,23,892,13,112.71,1204.15,0.44
CUST0806,35,287,19,23.95,453.66,1.99
CUST0807,35,498,17,36.81,622.89,1.02
CUST0808,45,1004,18,78.22,1345.26,0.54
CUST0809,45,576,20,34.97,695.3,1.04
CUST0810,42,1176,23,41.96,921.83,0.59
CUST0811,25,1218,11,20.6,234.88,0.27
CUST0812,20,728,19,43.84,866.35,0.78
CUST0813,39,426,16,35.69,611.84,1.13
CUST0814,33,300,16,33.14,549.97,1.6
CUST0815,43,363,9,23.91,195.31,0.74
CUST0816,38,332,19,20.55,411.4,1.72
CUST0817,32,122,21,22.65,480.83,5.16
CUST0818,33,540,24,44.9,1186.42,1.33
CUST0819,39,552,13,31.67,384.95,0.71
CUST0820,30,1748,20,22.98,469.17,0.34
CUST0821,39,145,16,87.73,1544.9,3.31
CUST0822,24,1252,19,122.49,2394.1,0.46
CUST0823,28,828,13,30.78,371.46,0.47
CUST0824,42,291,22,109.98,2318.02,2.27
CUST0825,32,630,23,43.29,881.07,1.1
CUST0826,36,728,21,65.56,1408.93,0.87
CUST0827,26,330,22,42.93,976.79,2.0
CUST0828,24,951,19,70.01,1293.92,0.6
CUST0829,34,440,14,35.03,476.51,0.95
CUST0830,29,423,16,35.67,614.61,1.13
CUST0831,40,1355,19,22.89,410.94,0.42
CUST0832,29,419,18,42.9,844.8,1.29
CUST0833,33,805,19,20.86,401.4,0.71
CUST0834,42,830,20,18.93,319.07,0.72
CUST0835,25,1082,17,28.64,497.86,0.47
CUST0836,41,346,18,28.41,512.81,1.56
CUST0837,35,801,129,115.57,15607.59,4.83
CUST0838,31,742,15,20.16,291.48,0.61
CUST0839,39,330,19,27.72,511.53,1.73
CUST0840,51,990,16,80.51,1357.71,0.48
CUST0841,33,517,16,33.33,490.11,0.93
CUST0842,33,339,28,57.32,1476.02,2.48
CUST0843,35,896,20,28.77,528.34,0.67
CUST0844,24,718,26,21.03,545.87,1.09
CUST0845,24,784,22,68.47,1588.6,0.84
CUST0846,30,844,15,23.53,302.31,0.53
CUST0847,38,1083,22,39.02,845.87,0.61
CUST0848,49,1098,20,47.72,1011.45,0.55
CUST0849,30,494,12,24.25,274.79,0.73
CUST0850,28,436,27,25.11,656.51,1.86
CUST0851,38,486,22,36.81,709.96,1.36
CUST0852,31,897,20,15.0,291.31,0.67
CUST0853,43,316,16,91.15,1636.57,1.52
CUST0854,39,494,16,37.44,592.09,0.97
CUST0855,34,644,139,25.53,3591.09,6.48
CUST0856,37,1224,12,20.81,224.06,0.29
CUST0857,33,1652,17,50.99,846.11,0.31
CUST0858,23,616,22,28.18,610.24,1.07
CUST0859,26,312,18,39.42,790.27,1.73
CUST0860,34,417,17,53.67,824.59,1.22
CUST0861,41,296,20,15.0,292.53,2.03
CUST0862,39,716,22,19.42,455.62,0.92
CUST0863,54,701,16,24.23,396.46,0.68
CUST0864,48,396,17,15.0,281.62,1.29
CUST0865,44,964,17,33.59,615.05,0.53
CUST0866,39,1075,19,197.04,4235.59,0.53
CUST0867,35,742,12,23.81,263.34,0.49
CUST0868,25,611,20,28.51,524.08,0.98
CUST0869,18,327,16,28.99,488.59,1.47
CUST0870,18,296,15,23.27,366.03,1.52
CUST0871,44,387,16,31.33,567.41,1.24
CUST0872,45,438,16,23.46,386.26,1.1
CUST0873,25,722,18,38.13,697.49,0.75
CUST0874,27,531,10,37.04,395.07,0.56
CUST0875,48,1407,30,32.95,1235.34,0.64
CUST0876,29,577,12,53.77,728.89,0.62
CUST0877,45,715,25,31.31,757.14,1.05
CUST0878,29,559,16,34.63,538.36,0.86
CUST0879,18,390,14,30.58,428.56,1.08
CUST0880,38,633,20,21.1,424.53,0.95
CUST0881,18,696,19,83.37,1585.99,0.82
CUST0882,38,712,17,15.0,262.02,0.72
CUST0883,30,1315,19,17.52,350.84,0.43
CUST0884,36,302,12,64.48,825.49,1.19
CUST0885,25,542,22,29.73,633.35,1.22
CUST0886,32,1039,27,38.29,944.95,0.78
CUST0887,35,236,20,39.37,801.23,2.54
CUST0888,18,452,22,58.86,1312.37,1.46
CUST0889,36,501,24,35.55,793.66,1.44
CUST0890,31,418,22,36.56,889.78,1.58
CUST0891,49,606,20,88.22,1814.36,0.99
CUST0892,42,507,18,15.0,271.23,1.07
CUST0893,38,579,20,37.46,806.33,1.04
CUST0894,37,374,30,6514.8,198651.18,2.41
CUST0895,35,389,25,72.91,1815.65,1.93
CUST0896,45,769,17,67.19,1195.65,0.66
CUST0897,27,221,20,19.51,435.3,2.71
CUST0898,35,1572,19,40.23,841.51,0.36
CUST0899,34,636,19,34.86,616.6,0.9
CUST0900,19,846,17,30.31,492.68,0.6
CUST0901,39,135,41,125.67,4905.03,9.11
CUST0902,37,476,17,36.07,467.29,1.07
CUST0903,23,1109,16,23.16,398.01,0.43
CUST0904,37,578,12,68.78,781.12,0.62
CUST0905,23,1123,24,15.79,374.49,0.64
CUST0906,34,532,16,69.39,1143.75,0.9
CUST0907,29,528,19,228.59,4588.87,1.08
CUST0908,48,838,23,25.05,575.37,0.82
CUST0909,32,887,22,25.93,527.24,0.74
CUST0910,28,1306,122,1217.5,151004.05,2.8
CUST0911,37,615,16,59.33,1091.61,0.78
CUST0912,34,681,21,31.04,733.08,0.93
CUST0913,36,725,18,41.54,734.79,0.74
CUST0914,43,635,17,45.73,755.13,0.8
CUST0915,38,386,23,60.8,1507.92,1.79
CUST0916,38,449,16,74.89,1049.27,1.07
CUST0917,44,907,19,52.58,970.23,0.63
CUST0918,45,777,15,45.33,660.37,0.58
CUST0919,18,1723,17,30.11,503.48,0.3
CUST0920,31,1755,17,48.61,839.06,0.29
CUST0921,32,795,18,31.05,546.81,0.68
CUST0922,32,1000,22,42.72,945.33,0.66
CUST0923,45,549,17,15.65,254.17,0.93
CUST0924,44,941,21,42.66,879.86,0.67
CUST0925,37,303,21,17.96,327.39,2.08
CUST0926,29,1369,17,67.5,1086.74,0.37
CUST0927,38,486,22,47.92,981.04,1.36
CUST0928,23,449,12,49.76,572.28,0.8
CUST0929,38,183,12,72.53,1003.83,1.97
CUST0930,18,334,22,25.15,550.67,1.98
CUST0931,53,830,22,44.93,1011.9,0.8
CUST0932,23,372,13,18.59,263.87,1.05
CUST0933,38,629,11,94.65,909.9,0.52
CUST0934,26,742,18,32.03,591.98,0.73
CUST0935,40,1496,35,269.65,9733.2,0.7
CUST0936,21,433,17,29.01,538.86,1.18
CUST0937,39,1052,19,43.76,995.67,0.54
CUST0938,38,643,28,48.23,1380.96,1.31
CUST0939,45,497,24,54.8,1259.6,1.45
CUST0940,46,716,13,30.51,424.61,0.54
CUST0941,18,410,20,49.32,949.75,1.46
CUST0942,44,833,13,119.98,1309.87,0.47
CUST0943,46,259,14,19.17,264.57,1.62
CUST0944,26,435,21,15.09,338.17,1.45
CUST0945,23,1059,21,63.45,1438.22,0.59
CUST0946,45,344,18,17.94,304.44,1.57
CUST0947,27,1149,13,34.13,466.3,0.34
CUST0948,21,616,1,5.12,5.12,0.05
CUST0949,18,584,18,27.62,510.32,0.92
CUST0950,29,315,14,74.57,1097.43,1.33
CUST0951,32,1188,28,52.51,1552.59,0.71
CUST0952,51,679,15,35.51,582.56,0.66
CUST0953,39,418,22,41.83,961.06,1.58
CUST0954,49,609,17,174.96,2590.86,0.84
CUST0955,34,1635,18,33.15,567.16,0.33
CUST0956,30,572,11,35.33,406.35,0.58
CUST0957,39,645,24,34.24,853.31,1.12
CUST0958,39,1783,22,15.0,332.77,0.37
CUST0959,30,1223,27,41.27,1070.59,0.66
CUST0960,35,279,18,72.23,1361.82,1.94
CUST0961,37,388,15,15.0,246.1,1.16
CUST0962,44,476,13,41.88,550.03,0.82
CUST0963,37,879,20,57.56,1071.41,0.68
CUST0964,39,509,15,39.7,529.5,0.88
CUST0965,28,723,14,119.74,1668.76,0.58
CUST0966,26,538,21,84.83,1850.66,1.17
CUST0967,42,538,14,56.04,728.62,0.78
CUST0968,32,537,16,42.53,727.37,0.89
CUST0969,41,787,21,64.34,1556.2,0.8
CUST0970,20,782,14,27.73,346.87,0.54
CUST0971,50,303,45,218.21,10169.38,4.46
CUST0972,46,623,14,31.49,411.16,0.67
CUST0973,27,1183,18,22.06,344.46,0.46
CUST0974,45,487,21,73.84,1566.89,1.29
CUST0975,27,612,10,33.42,319.98,0.49
CUST0976,51,824,12,52.82,593.45,0.44
CUST0977,36,1119,21,42.08,920.24,0.56
CUST0978,56,1224,21,60.48,1261.8,0.51
CUST0979,28,1042,20,51.55,1143.26,0.58
CUST0980,46,1084,12,30.82,325.84,0.33
CUST0981,34,742,19,72.29,1411.91,0.77
CUST0982,46,969,15,16.31,246.21,0.46
CUST0983,41,756,25,51.81,1160.77,0.99
CUST0984,24,584,13,73.97,926.91,0.67
CUST0985,43,898,21,111.77,2345.68,0.7
CUST0986,50,939,23,25.69,613.18,0.73
CUST0987,37,705,16,63.89,1066.99,0.68
CUST0988,40,1015,19,113.48,1946.09,0.56
CUST0989,33,304,20,39.4,830.58,1.97
CUST0990,41,264,19,49.08,1110.23,2.16
CUST0991,32,841,24,18.15,395.8,0.86
CUST0992,25,1039,17,33.3,621.43,0.49
CUST0993,40,994,22,26.97,520.68,0.66
CUST0994,30,30,12,93.71,1148.5,12.0
CUST0995,34,524,97,41.65,3922.77,5.55
CUST0996,46,530,17,49.66,870.75,0.96
CUST0997,40,369,23,40.56,882.95,1.87
CUST0998,32,1146,18,40.56,823.77,0.47
CUST0999,21,776,21,75.06,1356.2,0.81
CUST1000,27,726,25,32.17,788.84,1.03
